10082,81779,L1.E.CR1,4,
10082,81723,L1.E.CR1,4,
10082,80765,L1.E.CR1,4,
10082,81284,L1.E.CR1,4,
10082,81239,L1.E.CR1,4,
10082,80283,L1.E.CR1,4,
10082,81347,L1.E.CR1,4,
10082,81329,L1.E.CR1,4,
10082,81229,L1.E.CR1,4,
10082,81704,L1.E.CR1,4,
10082,80318,L1.E.CR1,4,
10082,83666,L1.E.CR1,4,
10082,80595,L1.E.CR1,4,
10082,81764,L1.E.CR1,4,
10082,81739,L1.E.CR1,4,
10082,81779,L1.E.CR2,4,
10082,81723,L1.E.CR2,4,
10082,80765,L1.E.CR2,4,
10082,81284,L1.E.CR2,4,
10082,81239,L1.E.CR2,4,
10082,80283,L1.E.CR2,4,
10082,81347,L1.E.CR2,4,
10082,81329,L1.E.CR2,4,
10082,81229,L1.E.CR2,4,
10082,81704,L1.E.CR2,4,
10082,80318,L1.E.CR2,3,
10082,83666,L1.E.CR2,4,
10082,80595,L1.E.CR2,3,
10082,81764,L1.E.CR2,4,
10082,81739,L1.E.CR2,4,
10082,81779,L1.E.CR3,4,
10082,81723,L1.E.CR3,4,
10082,80765,L1.E.CR3,4,
10082,81284,L1.E.CR3,4,
10082,81239,L1.E.CR3,4,
10082,80283,L1.E.CR3,4,
10082,81347,L1.E.CR3,3,
10082,81329,L1.E.CR3,4,
10082,81229,L1.E.CR3,3,
10082,81704,L1.E.CR3,4,
10082,80318,L1.E.CR3,4,
10082,83666,L1.E.CR3,4,
10082,80595,L1.E.CR3,3,
10082,81764,L1.E.CR3,3,
10082,81739,L1.E.CR3,3,
10082,81779,L1.E.CR4,4,
10082,81723,L1.E.CR4,4,
10082,80765,L1.E.CR4,3,
10082,81284,L1.E.CR4,4,
10082,81239,L1.E.CR4,3,
10082,80283,L1.E.CR4,3,
10082,81347,L1.E.CR4,3,
10082,81329,L1.E.CR4,4,
10082,81229,L1.E.CR4,4,
10082,81704,L1.E.CR4,3,
10082,80318,L1.E.CR4,4,
10082,83666,L1.E.CR4,4,
10082,80595,L1.E.CR4,3,
10082,81764,L1.E.CR4,4,
10082,81739,L1.E.CR4,3,
10082,81779,L1.E.CR5,4,
10082,81723,L1.E.CR5,4,
10082,80765,L1.E.CR5,4,
10082,81284,L1.E.CR5,4,
10082,81239,L1.E.CR5,4,
10082,80283,L1.E.CR5,4,
10082,81347,L1.E.CR5,4,
10082,81329,L1.E.CR5,4,
10082,81229,L1.E.CR5,4,
10082,81704,L1.E.CR5,3,
10082,80318,L1.E.CR5,3,
10082,83666,L1.E.CR5,4,
10082,80595,L1.E.CR5,4,
10082,81764,L1.E.CR5,4,
10082,81739,L1.E.CR5,3,
10082,81779,L1.E,100,100
10082,81723,L1.E,100,100
10082,80765,L1.E,95,95
10082,81284,L1.E,100,100
10082,81239,L1.E,95,95
10082,80283,L1.E,95,95
10082,81347,L1.E,90,90
10082,81329,L1.E,100,100
10082,81229,L1.E,95,95
10082,81704,L1.E,90,90
10082,80318,L1.E,90,90
10082,83666,L1.E,100,100
10082,80595,L1.E,85,85
10082,81764,L1.E,95,95
10082,81739,L1.E,85,85
10082,81779,L1.R.CR1,76.5,76.5
10082,81723,L1.R.CR1,94,94
10082,80765,L1.R.CR1,85,85
10082,81284,L1.R.CR1,85.5,85.5
10082,81239,L1.R.CR1,82,82
10082,80283,L1.R.CR1,68.5,68.5
10082,81347,L1.R.CR1,88,88
10082,81329,L1.R.CR1,88,88
10082,81229,L1.R.CR1,91,91
10082,81704,L1.R.CR1,95,95
10082,80318,L1.R.CR1,91,91
10082,83666,L1.R.CR1,88,88
10082,80595,L1.R.CR1,85.5,85.5
10082,81764,L1.R.CR1,87.5,87.5
10082,81739,L1.R.CR1,85.5,85.5
10082,81779,L1.R,76.5,76.5
10082,81723,L1.R,94,94
10082,80765,L1.R,85,85
10082,81284,L1.R,85.5,85.5
10082,81239,L1.R,82,82
10082,80283,L1.R,68.5,68.5
10082,81347,L1.R,88,88
10082,81329,L1.R,88,88
10082,81229,L1.R,91,91
10082,81704,L1.R,95,95
10082,80318,L1.R,91,91
10082,83666,L1.R,88,88
10082,80595,L1.R,85.5,85.5
10082,81764,L1.R,87.5,87.5
10082,81739,L1.R,85.5,85.5
10082,81779,L2.E.CR1,4,
10082,81723,L2.E.CR1,0,
10082,80765,L2.E.CR1,4,
10082,81284,L2.E.CR1,4,
10082,81239,L2.E.CR1,4,
10082,80283,L2.E.CR1,4,
10082,81347,L2.E.CR1,4,
10082,81329,L2.E.CR1,4,
10082,81229,L2.E.CR1,4,
10082,81704,L2.E.CR1,4,
10082,80318,L2.E.CR1,4,
10082,83666,L2.E.CR1,4,
10082,80595,L2.E.CR1,4,
10082,81764,L2.E.CR1,4,
10082,81739,L2.E.CR1,4,
10082,81779,L2.E.CR2,4,
10082,81723,L2.E.CR2,0,
10082,80765,L2.E.CR2,4,
10082,81284,L2.E.CR2,4,
10082,81239,L2.E.CR2,4,
10082,80283,L2.E.CR2,4,
10082,81347,L2.E.CR2,4,
10082,81329,L2.E.CR2,4,
10082,81229,L2.E.CR2,4,
10082,81704,L2.E.CR2,4,
10082,80318,L2.E.CR2,4,
10082,83666,L2.E.CR2,4,
10082,80595,L2.E.CR2,4,
10082,81764,L2.E.CR2,4,
10082,81739,L2.E.CR2,4,
10082,81779,L2.E.CR3,4,
10082,81723,L2.E.CR3,0,
10082,80765,L2.E.CR3,4,
10082,81284,L2.E.CR3,4,
10082,81239,L2.E.CR3,4,
10082,80283,L2.E.CR3,4,
10082,81347,L2.E.CR3,4,
10082,81329,L2.E.CR3,2,
10082,81229,L2.E.CR3,3,
10082,81704,L2.E.CR3,4,
10082,80318,L2.E.CR3,4,
10082,83666,L2.E.CR3,4,
10082,80595,L2.E.CR3,3,
10082,81764,L2.E.CR3,4,
10082,81739,L2.E.CR3,4,
10082,81779,L2.E.CR4,4,
10082,81723,L2.E.CR4,0,
10082,80765,L2.E.CR4,4,
10082,81284,L2.E.CR4,4,
10082,81239,L2.E.CR4,4,
10082,80283,L2.E.CR4,4,
10082,81347,L2.E.CR4,4,
10082,81329,L2.E.CR4,4,
10082,81229,L2.E.CR4,4,
10082,81704,L2.E.CR4,4,
10082,80318,L2.E.CR4,4,
10082,83666,L2.E.CR4,4,
10082,80595,L2.E.CR4,4,
10082,81764,L2.E.CR4,4,
10082,81739,L2.E.CR4,4,
10082,81779,L2.E,100,100
10082,81723,L2.E,0,0
10082,80765,L2.E,100,100
10082,81284,L2.E,100,100
10082,81239,L2.E,100,100
10082,80283,L2.E,100,100
10082,81347,L2.E,100,100
10082,81329,L2.E,87.5,87.5
10082,81229,L2.E,93.8,93.8
10082,81704,L2.E,100,100
10082,80318,L2.E,100,100
10082,83666,L2.E,100,100
10082,80595,L2.E,93.8,93.8
10082,81764,L2.E,100,100
10082,81739,L2.E,100,100
10082,81779,L2.R.CR1,100,100
10082,81723,L2.R.CR1,95,95
10082,80765,L2.R.CR1,100,100
10082,81284,L2.R.CR1,90,90
10082,81239,L2.R.CR1,95,95
10082,80283,L2.R.CR1,94,94
10082,81347,L2.R.CR1,90,90
10082,81329,L2.R.CR1,100,100
10082,81229,L2.R.CR1,100,100
10082,81704,L2.R.CR1,95,95
10082,80318,L2.R.CR1,100,100
10082,83666,L2.R.CR1,100,100
10082,80595,L2.R.CR1,95,95
10082,81764,L2.R.CR1,100,100
10082,81739,L2.R.CR1,100,100
10082,81779,L2.R,100,100
10082,81723,L2.R,95,95
10082,80765,L2.R,100,100
10082,81284,L2.R,90,90
10082,81239,L2.R,95,95
10082,80283,L2.R,94,94
10082,81347,L2.R,90,90
10082,81329,L2.R,100,100
10082,81229,L2.R,100,100
10082,81704,L2.R,95,95
10082,80318,L2.R,100,100
10082,83666,L2.R,100,100
10082,80595,L2.R,95,95
10082,81764,L2.R,100,100
10082,81739,L2.R,100,100
10082,81779,L3.E.CR1,4,
10082,81723,L3.E.CR1,4,
10082,80765,L3.E.CR1,4,
10082,81284,L3.E.CR1,4,
10082,81239,L3.E.CR1,4,
10082,80283,L3.E.CR1,2,
10082,81347,L3.E.CR1,4,
10082,81329,L3.E.CR1,4,
10082,81229,L3.E.CR1,4,
10082,81704,L3.E.CR1,4,
10082,80318,L3.E.CR1,4,
10082,83666,L3.E.CR1,4,
10082,80595,L3.E.CR1,4,
10082,81764,L3.E.CR1,4,
10082,81739,L3.E.CR1,4,
10082,81779,L3.E.CR2,4,
10082,81723,L3.E.CR2,4,
10082,80765,L3.E.CR2,4,
10082,81284,L3.E.CR2,4,
10082,81239,L3.E.CR2,4,
10082,80283,L3.E.CR2,1,
10082,81347,L3.E.CR2,4,
10082,81329,L3.E.CR2,4,
10082,81229,L3.E.CR2,4,
10082,81704,L3.E.CR2,4,
10082,80318,L3.E.CR2,3,
10082,83666,L3.E.CR2,4,
10082,80595,L3.E.CR2,4,
10082,81764,L3.E.CR2,4,
10082,81739,L3.E.CR2,4,
10082,81779,L3.E.CR3,4,
10082,81723,L3.E.CR3,4,
10082,80765,L3.E.CR3,4,
10082,81284,L3.E.CR3,4,
10082,81239,L3.E.CR3,4,
10082,80283,L3.E.CR3,4,
10082,81347,L3.E.CR3,4,
10082,81329,L3.E.CR3,4,
10082,81229,L3.E.CR3,4,
10082,81704,L3.E.CR3,4,
10082,80318,L3.E.CR3,4,
10082,83666,L3.E.CR3,4,
10082,80595,L3.E.CR3,4,
10082,81764,L3.E.CR3,4,
10082,81739,L3.E.CR3,4,
10082,81779,L3.E.CR4,4,
10082,81723,L3.E.CR4,4,
10082,80765,L3.E.CR4,4,
10082,81284,L3.E.CR4,4,
10082,81239,L3.E.CR4,1,
10082,80283,L3.E.CR4,1,
10082,81347,L3.E.CR4,4,
10082,81329,L3.E.CR4,4,
10082,81229,L3.E.CR4,4,
10082,81704,L3.E.CR4,4,
10082,80318,L3.E.CR4,4,
10082,83666,L3.E.CR4,4,
10082,80595,L3.E.CR4,4,
10082,81764,L3.E.CR4,4,
10082,81739,L3.E.CR4,4,
10082,81779,L3.E.CR5,4,
10082,81723,L3.E.CR5,4,
10082,80765,L3.E.CR5,4,
10082,81284,L3.E.CR5,4,
10082,81239,L3.E.CR5,4,
10082,80283,L3.E.CR5,1,
10082,81347,L3.E.CR5,3,
10082,81329,L3.E.CR5,4,
10082,81229,L3.E.CR5,4,
10082,81704,L3.E.CR5,4,
10082,80318,L3.E.CR5,4,
10082,83666,L3.E.CR5,4,
10082,80595,L3.E.CR5,4,
10082,81764,L3.E.CR5,4,
10082,81739,L3.E.CR5,4,
10082,81779,L3.E,100,100
10082,81723,L3.E,100,100
10082,80765,L3.E,100,100
10082,81284,L3.E,100,100
10082,81239,L3.E,85,85
10082,80283,L3.E,45,45
10082,81347,L3.E,95,95
10082,81329,L3.E,100,100
10082,81229,L3.E,100,100
10082,81704,L3.E,100,100
10082,80318,L3.E,95,95
10082,83666,L3.E,100,100
10082,80595,L3.E,100,100
10082,81764,L3.E,100,100
10082,81739,L3.E,100,100
10082,81779,L3.R.CR1,100,100
10082,81723,L3.R.CR1,92,92
10082,80765,L3.R.CR1,100,100
10082,81284,L3.R.CR1,87.5,87.5
10082,81239,L3.R.CR1,100,100
10082,80283,L3.R.CR1,0,0
10082,81347,L3.R.CR1,100,100
10082,81329,L3.R.CR1,99,99
10082,81229,L3.R.CR1,93.5,93.5
10082,81704,L3.R.CR1,99,99
10082,80318,L3.R.CR1,98,98
10082,83666,L3.R.CR1,100,100
10082,80595,L3.R.CR1,99,99
10082,81764,L3.R.CR1,100,100
10082,81739,L3.R.CR1,100,100
10082,81779,L3.R,100,100
10082,81723,L3.R,92,92
10082,80765,L3.R,100,100
10082,81284,L3.R,87.5,87.5
10082,81239,L3.R,100,100
10082,80283,L3.R,0,0
10082,81347,L3.R,100,100
10082,81329,L3.R,99,99
10082,81229,L3.R,93.5,93.5
10082,81704,L3.R,99,99
10082,80318,L3.R,98,98
10082,83666,L3.R,100,100
10082,80595,L3.R,99,99
10082,81764,L3.R,100,100
10082,81739,L3.R,100,100
10082,81779,L4.E.CR1,4,
10082,81723,L4.E.CR1,4,
10082,80765,L4.E.CR1,4,
10082,81284,L4.E.CR1,4,
10082,81239,L4.E.CR1,3,
10082,80283,L4.E.CR1,4,
10082,81347,L4.E.CR1,4,
10082,81329,L4.E.CR1,3,
10082,81229,L4.E.CR1,4,
10082,81704,L4.E.CR1,4,
10082,80318,L4.E.CR1,4,
10082,83666,L4.E.CR1,4,
10082,80595,L4.E.CR1,4,
10082,81764,L4.E.CR1,4,
10082,81739,L4.E.CR1,4,
10082,81779,L4.E.CR2,4,
10082,81723,L4.E.CR2,4,
10082,80765,L4.E.CR2,4,
10082,81284,L4.E.CR2,4,
10082,81239,L4.E.CR2,3,
10082,80283,L4.E.CR2,4,
10082,81347,L4.E.CR2,4,
10082,81329,L4.E.CR2,4,
10082,81229,L4.E.CR2,4,
10082,81704,L4.E.CR2,3,
10082,80318,L4.E.CR2,2,
10082,83666,L4.E.CR2,4,
10082,80595,L4.E.CR2,4,
10082,81764,L4.E.CR2,4,
10082,81739,L4.E.CR2,3,
10082,81779,L4.E.CR3,4,
10082,81723,L4.E.CR3,4,
10082,80765,L4.E.CR3,4,
10082,81284,L4.E.CR3,4,
10082,81239,L4.E.CR3,4,
10082,80283,L4.E.CR3,4,
10082,81347,L4.E.CR3,4,
10082,81329,L4.E.CR3,4,
10082,81229,L4.E.CR3,4,
10082,81704,L4.E.CR3,4,
10082,80318,L4.E.CR3,3,
10082,83666,L4.E.CR3,4,
10082,80595,L4.E.CR3,3,
10082,81764,L4.E.CR3,4,
10082,81739,L4.E.CR3,4,
10082,81779,L4.E.CR4,4,
10082,81723,L4.E.CR4,4,
10082,80765,L4.E.CR4,4,
10082,81284,L4.E.CR4,4,
10082,81239,L4.E.CR4,4,
10082,80283,L4.E.CR4,3,
10082,81347,L4.E.CR4,4,
10082,81329,L4.E.CR4,4,
10082,81229,L4.E.CR4,4,
10082,81704,L4.E.CR4,4,
10082,80318,L4.E.CR4,4,
10082,83666,L4.E.CR4,4,
10082,80595,L4.E.CR4,3,
10082,81764,L4.E.CR4,3,
10082,81739,L4.E.CR4,3,
10082,81779,L4.E,100,100
10082,81723,L4.E,100,100
10082,80765,L4.E,100,100
10082,81284,L4.E,100,100
10082,81239,L4.E,86.25,86.25
10082,80283,L4.E,96.25,96.25
10082,81347,L4.E,100,100
10082,81329,L4.E,93.75,93.75
10082,81229,L4.E,100,100
10082,81704,L4.E,92.5,92.5
10082,80318,L4.E,77.5,77.5
10082,83666,L4.E,100,100
10082,80595,L4.E,88.75,88.75
10082,81764,L4.E,96.25,96.25
10082,81739,L4.E,88.75,88.75
10082,81779,L4.R.CR1,90,90
10082,81723,L4.R.CR1,92.5,92.5
10082,80765,L4.R.CR1,95,95
10082,81284,L4.R.CR1,84.5,84.5
10082,81239,L4.R.CR1,80,80
10082,80283,L4.R.CR1,100,100
10082,81347,L4.R.CR1,100,100
10082,81329,L4.R.CR1,87.5,87.5
10082,81229,L4.R.CR1,85,85
10082,81704,L4.R.CR1,82.5,82.5
10082,80318,L4.R.CR1,90,90
10082,83666,L4.R.CR1,92.5,92.5
10082,80595,L4.R.CR1,95,95
10082,81764,L4.R.CR1,95,95
10082,81739,L4.R.CR1,95,95
10082,81779,L4.R,90,90
10082,81723,L4.R,92.5,92.5
10082,80765,L4.R,95,95
10082,81284,L4.R,84.5,84.5
10082,81239,L4.R,80,80
10082,80283,L4.R,100,100
10082,81347,L4.R,100,100
10082,81329,L4.R,87.5,87.5
10082,81229,L4.R,85,85
10082,81704,L4.R,82.5,82.5
10082,80318,L4.R,90,90
10082,83666,L4.R,92.5,92.5
10082,80595,L4.R,95,95
10082,81764,L4.R,95,95
10082,81739,L4.R,95,95
10082,81779,L5.E.CR1,4,
10082,81723,L5.E.CR1,4,
10082,80765,L5.E.CR1,4,
10082,81284,L5.E.CR1,4,
10082,81239,L5.E.CR1,4,
10082,80283,L5.E.CR1,4,
10082,81347,L5.E.CR1,4,
10082,81329,L5.E.CR1,4,
10082,81229,L5.E.CR1,4,
10082,81704,L5.E.CR1,4,
10082,80318,L5.E.CR1,4,
10082,83666,L5.E.CR1,4,
10082,80595,L5.E.CR1,4,
10082,81764,L5.E.CR1,4,
10082,81739,L5.E.CR1,4,
10082,81779,L5.E.CR2,4,
10082,81723,L5.E.CR2,4,
10082,80765,L5.E.CR2,4,
10082,81284,L5.E.CR2,4,
10082,81239,L5.E.CR2,4,
10082,80283,L5.E.CR2,4,
10082,81347,L5.E.CR2,4,
10082,81329,L5.E.CR2,4,
10082,81229,L5.E.CR2,4,
10082,81704,L5.E.CR2,4,
10082,80318,L5.E.CR2,4,
10082,83666,L5.E.CR2,4,
10082,80595,L5.E.CR2,4,
10082,81764,L5.E.CR2,4,
10082,81739,L5.E.CR2,4,
10082,81779,L5.E.CR3,4,
10082,81723,L5.E.CR3,4,
10082,80765,L5.E.CR3,4,
10082,81284,L5.E.CR3,4,
10082,81239,L5.E.CR3,4,
10082,80283,L5.E.CR3,4,
10082,81347,L5.E.CR3,4,
10082,81329,L5.E.CR3,4,
10082,81229,L5.E.CR3,4,
10082,81704,L5.E.CR3,4,
10082,80318,L5.E.CR3,4,
10082,83666,L5.E.CR3,4,
10082,80595,L5.E.CR3,4,
10082,81764,L5.E.CR3,4,
10082,81739,L5.E.CR3,4,
10082,81779,L5.E,100,100
10082,81723,L5.E,100,100
10082,80765,L5.E,100,100
10082,81284,L5.E,100,100
10082,81239,L5.E,100,100
10082,80283,L5.E,100,100
10082,81347,L5.E,100,100
10082,81329,L5.E,100,100
10082,81229,L5.E,100,100
10082,81704,L5.E,100,100
10082,80318,L5.E,100,100
10082,83666,L5.E,100,100
10082,80595,L5.E,100,100
10082,81764,L5.E,100,100
10082,81739,L5.E,100,100
10082,81779,L5.R.CR1,95,95
10082,81723,L5.R.CR1,95,95
10082,80765,L5.R.CR1,95,95
10082,81284,L5.R.CR1,95,95
10082,81239,L5.R.CR1,80,80
10082,80283,L5.R.CR1,100,100
10082,81347,L5.R.CR1,80,80
10082,81329,L5.R.CR1,95,95
10082,81229,L5.R.CR1,100,100
10082,81704,L5.R.CR1,85,85
10082,80318,L5.R.CR1,95,95
10082,83666,L5.R.CR1,95,95
10082,80595,L5.R.CR1,95,95
10082,81764,L5.R.CR1,95,95
10082,81739,L5.R.CR1,84,84
10082,81779,L5.R,95,95
10082,81723,L5.R,95,95
10082,80765,L5.R,95,95
10082,81284,L5.R,95,95
10082,81239,L5.R,80,80
10082,80283,L5.R,100,100
10082,81347,L5.R,80,80
10082,81329,L5.R,95,95
10082,81229,L5.R,100,100
10082,81704,L5.R,85,85
10082,80318,L5.R,95,95
10082,83666,L5.R,95,95
10082,80595,L5.R,95,95
10082,81764,L5.R,95,95
10082,81739,L5.R,84,84
10082,81779,PD1.CR1,2,
10082,81723,PD1.CR1,3,
10082,80765,PD1.CR1,3,
10082,81284,PD1.CR1,3,
10082,81239,PD1.CR1,3,
10082,80283,PD1.CR1,2,
10082,81347,PD1.CR1,3,
10082,81329,PD1.CR1,2,
10082,81229,PD1.CR1,3,
10082,81704,PD1.CR1,3,
10082,80318,PD1.CR1,3,
10082,83666,PD1.CR1,3,
10082,80595,PD1.CR1,2,
10082,81764,PD1.CR1,2,
10082,81739,PD1.CR1,2,
10082,81779,PD1.CR2,2,
10082,81723,PD1.CR2,3,
10082,80765,PD1.CR2,2,
10082,81284,PD1.CR2,3,
10082,81239,PD1.CR2,2,
10082,80283,PD1.CR2,2,
10082,81347,PD1.CR2,3,
10082,81329,PD1.CR2,2,
10082,81229,PD1.CR2,2,
10082,81704,PD1.CR2,3,
10082,80318,PD1.CR2,3,
10082,83666,PD1.CR2,2,
10082,80595,PD1.CR2,2,
10082,81764,PD1.CR2,2,
10082,81739,PD1.CR2,2,
10082,81779,PD1.CR3,2,
10082,81723,PD1.CR3,4,
10082,80765,PD1.CR3,3,
10082,81284,PD1.CR3,4,
10082,81239,PD1.CR3,3,
10082,80283,PD1.CR3,3,
10082,81347,PD1.CR3,3,
10082,81329,PD1.CR3,3,
10082,81229,PD1.CR3,3,
10082,81704,PD1.CR3,4,
10082,80318,PD1.CR3,4,
10082,83666,PD1.CR3,3,
10082,80595,PD1.CR3,2,
10082,81764,PD1.CR3,2,
10082,81739,PD1.CR3,2,
10082,81779,PD1.CR4,2,
10082,81723,PD1.CR4,3,
10082,80765,PD1.CR4,2,
10082,81284,PD1.CR4,3,
10082,81239,PD1.CR4,2,
10082,80283,PD1.CR4,2,
10082,81347,PD1.CR4,2,
10082,81329,PD1.CR4,2,
10082,81229,PD1.CR4,2,
10082,81704,PD1.CR4,3,
10082,80318,PD1.CR4,3,
10082,83666,PD1.CR4,2,
10082,80595,PD1.CR4,2,
10082,81764,PD1.CR4,2,
10082,81739,PD1.CR4,2,
10082,81779,PD1.CR5,3,
10082,81723,PD1.CR5,4,
10082,80765,PD1.CR5,4,
10082,81284,PD1.CR5,4,
10082,81239,PD1.CR5,4,
10082,80283,PD1.CR5,4,
10082,81347,PD1.CR5,4,
10082,81329,PD1.CR5,4,
10082,81229,PD1.CR5,4,
10082,81704,PD1.CR5,4,
10082,80318,PD1.CR5,4,
10082,83666,PD1.CR5,4,
10082,80595,PD1.CR5,3,
10082,81764,PD1.CR5,3,
10082,81739,PD1.CR5,3,
10082,81779,PD1.CR6,2,
10082,81723,PD1.CR6,3,
10082,80765,PD1.CR6,3,
10082,81284,PD1.CR6,3,
10082,81239,PD1.CR6,3,
10082,80283,PD1.CR6,3,
10082,81347,PD1.CR6,4,
10082,81329,PD1.CR6,3,
10082,81229,PD1.CR6,3,
10082,81704,PD1.CR6,3,
10082,80318,PD1.CR6,3,
10082,83666,PD1.CR6,3,
10082,80595,PD1.CR6,2,
10082,81764,PD1.CR6,2,
10082,81739,PD1.CR6,2,
10082,81779,PD1.CR7,3,
10082,81723,PD1.CR7,3,
10082,80765,PD1.CR7,3,
10082,81284,PD1.CR7,3,
10082,81239,PD1.CR7,3,
10082,80283,PD1.CR7,3,
10082,81347,PD1.CR7,4,
10082,81329,PD1.CR7,3,
10082,81229,PD1.CR7,3,
10082,81704,PD1.CR7,3,
10082,80318,PD1.CR7,3,
10082,83666,PD1.CR7,3,
10082,80595,PD1.CR7,3,
10082,81764,PD1.CR7,3,
10082,81739,PD1.CR7,3,
10082,81779,PD1.CR8,3,
10082,81723,PD1.CR8,3,
10082,80765,PD1.CR8,3,
10082,81284,PD1.CR8,3,
10082,81239,PD1.CR8,3,
10082,80283,PD1.CR8,3,
10082,81347,PD1.CR8,3,
10082,81329,PD1.CR8,3,
10082,81229,PD1.CR8,3,
10082,81704,PD1.CR8,3,
10082,80318,PD1.CR8,3,
10082,83666,PD1.CR8,3,
10082,80595,PD1.CR8,3,
10082,81764,PD1.CR8,3,
10082,81739,PD1.CR8,3,
10082,81779,PD1,59.4,59.4
10082,81723,PD1,81.3,81.3
10082,80765,PD1,71.9,71.9
10082,81284,PD1,81.3,81.3
10082,81239,PD1,71.9,71.9
10082,80283,PD1,68.8,68.8
10082,81347,PD1,81.3,81.3
10082,81329,PD1,68.8,68.8
10082,81229,PD1,71.9,71.9
10082,81704,PD1,81.3,81.3
10082,80318,PD1,81.3,81.3
10082,83666,PD1,71.9,71.9
10082,80595,PD1,59.4,59.4
10082,81764,PD1,59.4,59.4
10082,81739,PD1,59.4,59.4
10082,81779,PD2.CR1,4,
10082,81723,PD2.CR1,4,
10082,80765,PD2.CR1,4,
10082,81284,PD2.CR1,4,
10082,81239,PD2.CR1,4,
10082,80283,PD2.CR1,4,
10082,81347,PD2.CR1,4,
10082,81329,PD2.CR1,4,
10082,81229,PD2.CR1,4,
10082,81704,PD2.CR1,4,
10082,80318,PD2.CR1,4,
10082,83666,PD2.CR1,4,
10082,80595,PD2.CR1,4,
10082,81764,PD2.CR1,4,
10082,81739,PD2.CR1,4,
10082,81779,PD2.CR2,4,
10082,81723,PD2.CR2,4,
10082,80765,PD2.CR2,4,
10082,81284,PD2.CR2,4,
10082,81239,PD2.CR2,4,
10082,80283,PD2.CR2,4,
10082,81347,PD2.CR2,4,
10082,81329,PD2.CR2,4,
10082,81229,PD2.CR2,4,
10082,81704,PD2.CR2,4,
10082,80318,PD2.CR2,4,
10082,83666,PD2.CR2,4,
10082,80595,PD2.CR2,4,
10082,81764,PD2.CR2,4,
10082,81739,PD2.CR2,4,
10082,81779,PD2.CR3,4,
10082,81723,PD2.CR3,4,
10082,80765,PD2.CR3,4,
10082,81284,PD2.CR3,4,
10082,81239,PD2.CR3,4,
10082,80283,PD2.CR3,4,
10082,81347,PD2.CR3,4,
10082,81329,PD2.CR3,4,
10082,81229,PD2.CR3,4,
10082,81704,PD2.CR3,4,
10082,80318,PD2.CR3,4,
10082,83666,PD2.CR3,4,
10082,80595,PD2.CR3,4,
10082,81764,PD2.CR3,4,
10082,81739,PD2.CR3,4,
10082,81779,PD2.CR4,4,
10082,81723,PD2.CR4,4,
10082,80765,PD2.CR4,4,
10082,81284,PD2.CR4,4,
10082,81239,PD2.CR4,4,
10082,80283,PD2.CR4,4,
10082,81347,PD2.CR4,4,
10082,81329,PD2.CR4,4,
10082,81229,PD2.CR4,4,
10082,81704,PD2.CR4,4,
10082,80318,PD2.CR4,4,
10082,83666,PD2.CR4,4,
10082,80595,PD2.CR4,4,
10082,81764,PD2.CR4,4,
10082,81739,PD2.CR4,4,
10082,81779,PD2.CR5,4,
10082,81723,PD2.CR5,4,
10082,80765,PD2.CR5,4,
10082,81284,PD2.CR5,4,
10082,81239,PD2.CR5,4,
10082,80283,PD2.CR5,4,
10082,81347,PD2.CR5,4,
10082,81329,PD2.CR5,4,
10082,81229,PD2.CR5,4,
10082,81704,PD2.CR5,4,
10082,80318,PD2.CR5,4,
10082,83666,PD2.CR5,4,
10082,80595,PD2.CR5,4,
10082,81764,PD2.CR5,4,
10082,81739,PD2.CR5,4,
10082,81779,PD2.CR6,4,
10082,81723,PD2.CR6,4,
10082,80765,PD2.CR6,4,
10082,81284,PD2.CR6,4,
10082,81239,PD2.CR6,4,
10082,80283,PD2.CR6,4,
10082,81347,PD2.CR6,4,
10082,81329,PD2.CR6,4,
10082,81229,PD2.CR6,4,
10082,81704,PD2.CR6,4,
10082,80318,PD2.CR6,4,
10082,83666,PD2.CR6,4,
10082,80595,PD2.CR6,4,
10082,81764,PD2.CR6,4,
10082,81739,PD2.CR6,4,
10082,81779,PD2.CR7,4,
10082,81723,PD2.CR7,4,
10082,80765,PD2.CR7,4,
10082,81284,PD2.CR7,4,
10082,81239,PD2.CR7,4,
10082,80283,PD2.CR7,4,
10082,81347,PD2.CR7,4,
10082,81329,PD2.CR7,4,
10082,81229,PD2.CR7,4,
10082,81704,PD2.CR7,4,
10082,80318,PD2.CR7,4,
10082,83666,PD2.CR7,4,
10082,80595,PD2.CR7,4,
10082,81764,PD2.CR7,4,
10082,81739,PD2.CR7,4,
10082,81779,PD2.CR8,4,
10082,81723,PD2.CR8,2,
10082,80765,PD2.CR8,4,
10082,81284,PD2.CR8,2,
10082,81239,PD2.CR8,4,
10082,80283,PD2.CR8,4,
10082,81347,PD2.CR8,4,
10082,81329,PD2.CR8,4,
10082,81229,PD2.CR8,4,
10082,81704,PD2.CR8,2,
10082,80318,PD2.CR8,2,
10082,83666,PD2.CR8,4,
10082,80595,PD2.CR8,4,
10082,81764,PD2.CR8,4,
10082,81739,PD2.CR8,4,
10082,81779,PD2.CR9,4,
10082,81723,PD2.CR9,0,
10082,80765,PD2.CR9,4,
10082,81284,PD2.CR9,0,
10082,81239,PD2.CR9,4,
10082,80283,PD2.CR9,4,
10082,81347,PD2.CR9,4,
10082,81329,PD2.CR9,4,
10082,81229,PD2.CR9,4,
10082,81704,PD2.CR9,0,
10082,80318,PD2.CR9,0,
10082,83666,PD2.CR9,4,
10082,80595,PD2.CR9,4,
10082,81764,PD2.CR9,4,
10082,81739,PD2.CR9,4,
10082,81779,PD2.CR10,1,
10082,81723,PD2.CR10,0,
10082,80765,PD2.CR10,4,
10082,81284,PD2.CR10,0,
10082,81239,PD2.CR10,4,
10082,80283,PD2.CR10,4,
10082,81347,PD2.CR10,4,
10082,81329,PD2.CR10,4,
10082,81229,PD2.CR10,4,
10082,81704,PD2.CR10,0,
10082,80318,PD2.CR10,0,
10082,83666,PD2.CR10,4,
10082,80595,PD2.CR10,1,
10082,81764,PD2.CR10,1,
10082,81739,PD2.CR10,1,
10082,81779,PD2,97,97
10082,81723,PD2,90,90
10082,80765,PD2,100,100
10082,81284,PD2,90,90
10082,81239,PD2,100,100
10082,80283,PD2,100,100
10082,81347,PD2,100,100
10082,81329,PD2,100,100
10082,81229,PD2,100,100
10082,81704,PD2,90,90
10082,80318,PD2,90,90
10082,83666,PD2,100,100
10082,80595,PD2,97,97
10082,81764,PD2,97,97
10082,81739,PD2,97,97
10082,81779,PD3.CR1,3,
10082,81723,PD3.CR1,4,
10082,80765,PD3.CR1,3,
10082,81284,PD3.CR1,3,
10082,81239,PD3.CR1,3,
10082,80283,PD3.CR1,4,
10082,81347,PD3.CR1,3,
10082,81329,PD3.CR1,3,
10082,81229,PD3.CR1,3,
10082,81704,PD3.CR1,4,
10082,80318,PD3.CR1,2,
10082,83666,PD3.CR1,4,
10082,80595,PD3.CR1,1,
10082,81764,PD3.CR1,4,
10082,81739,PD3.CR1,3,
10082,81779,PD3.CR2,3,
10082,81723,PD3.CR2,4,
10082,80765,PD3.CR2,4,
10082,81284,PD3.CR2,4,
10082,81239,PD3.CR2,3,
10082,80283,PD3.CR2,4,
10082,81347,PD3.CR2,4,
10082,81329,PD3.CR2,4,
10082,81229,PD3.CR2,4,
10082,81704,PD3.CR2,4,
10082,80318,PD3.CR2,4,
10082,83666,PD3.CR2,4,
10082,80595,PD3.CR2,3,
10082,81764,PD3.CR2,4,
10082,81739,PD3.CR2,3,
10082,81779,PD3.CR3,4,
10082,81723,PD3.CR3,4,
10082,80765,PD3.CR3,3,
10082,81284,PD3.CR3,4,
10082,81239,PD3.CR3,4,
10082,80283,PD3.CR3,4,
10082,81347,PD3.CR3,4,
10082,81329,PD3.CR3,4,
10082,81229,PD3.CR3,3,
10082,81704,PD3.CR3,4,
10082,80318,PD3.CR3,4,
10082,83666,PD3.CR3,4,
10082,80595,PD3.CR3,3,
10082,81764,PD3.CR3,4,
10082,81739,PD3.CR3,4,
10082,81779,PD3,83.33,83.33
10082,81723,PD3,100,100
10082,80765,PD3,83.33,83.33
10082,81284,PD3,91.67,91.67
10082,81239,PD3,83.33,83.33
10082,80283,PD3,100,100
10082,81347,PD3,91.67,91.67
10082,81329,PD3,91.67,91.67
10082,81229,PD3,83.33,83.33
10082,81704,PD3,100,100
10082,80318,PD3,83.33,83.33
10082,83666,PD3,100,100
10082,80595,PD3,58.33,58.33
10082,81764,PD3,100,100
10082,81739,PD3,83.33,83.33
10082,81779,PD4.CR1,3,
10082,81723,PD4.CR1,3,
10082,80765,PD4.CR1,3,
10082,81284,PD4.CR1,3,
10082,81239,PD4.CR1,3,
10082,80283,PD4.CR1,3,
10082,81347,PD4.CR1,3,
10082,81329,PD4.CR1,3,
10082,81229,PD4.CR1,3,
10082,81704,PD4.CR1,3,
10082,80318,PD4.CR1,3,
10082,83666,PD4.CR1,3,
10082,80595,PD4.CR1,3,
10082,81764,PD4.CR1,3,
10082,81739,PD4.CR1,3,
10082,81779,PD4.CR2,4,
10082,81723,PD4.CR2,4,
10082,80765,PD4.CR2,4,
10082,81284,PD4.CR2,4,
10082,81239,PD4.CR2,4,
10082,80283,PD4.CR2,4,
10082,81347,PD4.CR2,4,
10082,81329,PD4.CR2,4,
10082,81229,PD4.CR2,4,
10082,81704,PD4.CR2,4,
10082,80318,PD4.CR2,4,
10082,83666,PD4.CR2,4,
10082,80595,PD4.CR2,4,
10082,81764,PD4.CR2,4,
10082,81739,PD4.CR2,4,
10082,81779,PD4.CR3,4,
10082,81723,PD4.CR3,4,
10082,80765,PD4.CR3,4,
10082,81284,PD4.CR3,4,
10082,81239,PD4.CR3,4,
10082,80283,PD4.CR3,4,
10082,81347,PD4.CR3,4,
10082,81329,PD4.CR3,4,
10082,81229,PD4.CR3,4,
10082,81704,PD4.CR3,4,
10082,80318,PD4.CR3,4,
10082,83666,PD4.CR3,4,
10082,80595,PD4.CR3,4,
10082,81764,PD4.CR3,4,
10082,81739,PD4.CR3,4,
10082,81779,PD4.CR4,4,
10082,81723,PD4.CR4,4,
10082,80765,PD4.CR4,4,
10082,81284,PD4.CR4,4,
10082,81239,PD4.CR4,4,
10082,80283,PD4.CR4,4,
10082,81347,PD4.CR4,4,
10082,81329,PD4.CR4,4,
10082,81229,PD4.CR4,4,
10082,81704,PD4.CR4,4,
10082,80318,PD4.CR4,4,
10082,83666,PD4.CR4,4,
10082,80595,PD4.CR4,4,
10082,81764,PD4.CR4,4,
10082,81739,PD4.CR4,4,
10082,81779,PD4,93.8,93.8
10082,81723,PD4,93.8,93.8
10082,80765,PD4,93.8,93.8
10082,81284,PD4,93.8,93.8
10082,81239,PD4,93.8,93.8
10082,80283,PD4,93.8,93.8
10082,81347,PD4,93.8,93.8
10082,81329,PD4,93.8,93.8
10082,81229,PD4,93.8,93.8
10082,81704,PD4,93.8,93.8
10082,80318,PD4,93.8,93.8
10082,83666,PD4,93.8,93.8
10082,80595,PD4,93.8,93.8
10082,81764,PD4,93.8,93.8
10082,81739,PD4,93.8,93.8
10082,81779,PD5.CR1,4,
10082,81723,PD5.CR1,4,
10082,80765,PD5.CR1,4,
10082,81284,PD5.CR1,3,
10082,81239,PD5.CR1,4,
10082,80283,PD5.CR1,4,
10082,81347,PD5.CR1,2,
10082,81329,PD5.CR1,4,
10082,81229,PD5.CR1,2,
10082,81704,PD5.CR1,2,
10082,80318,PD5.CR1,2,
10082,83666,PD5.CR1,4,
10082,80595,PD5.CR1,3,
10082,81764,PD5.CR1,2,
10082,81739,PD5.CR1,4,
10082,81779,PD5.CR2,4,
10082,81723,PD5.CR2,4,
10082,80765,PD5.CR2,4,
10082,81284,PD5.CR2,4,
10082,81239,PD5.CR2,4,
10082,80283,PD5.CR2,4,
10082,81347,PD5.CR2,4,
10082,81329,PD5.CR2,4,
10082,81229,PD5.CR2,4,
10082,81704,PD5.CR2,2,
10082,80318,PD5.CR2,3,
10082,83666,PD5.CR2,4,
10082,80595,PD5.CR2,4,
10082,81764,PD5.CR2,4,
10082,81739,PD5.CR2,4,
10082,81779,PD5.CR3,4,
10082,81723,PD5.CR3,4,
10082,80765,PD5.CR3,4,
10082,81284,PD5.CR3,4,
10082,81239,PD5.CR3,4,
10082,80283,PD5.CR3,4,
10082,81347,PD5.CR3,4,
10082,81329,PD5.CR3,4,
10082,81229,PD5.CR3,4,
10082,81704,PD5.CR3,4,
10082,80318,PD5.CR3,4,
10082,83666,PD5.CR3,4,
10082,80595,PD5.CR3,4,
10082,81764,PD5.CR3,4,
10082,81739,PD5.CR3,4,
10082,81779,PD5.CR4,4,
10082,81723,PD5.CR4,4,
10082,80765,PD5.CR4,4,
10082,81284,PD5.CR4,4,
10082,81239,PD5.CR4,4,
10082,80283,PD5.CR4,4,
10082,81347,PD5.CR4,4,
10082,81329,PD5.CR4,4,
10082,81229,PD5.CR4,4,
10082,81704,PD5.CR4,4,
10082,80318,PD5.CR4,4,
10082,83666,PD5.CR4,4,
10082,80595,PD5.CR4,4,
10082,81764,PD5.CR4,4,
10082,81739,PD5.CR4,4,
10082,81779,PD5.CR5,4,
10082,81723,PD5.CR5,4,
10082,80765,PD5.CR5,4,
10082,81284,PD5.CR5,4,
10082,81239,PD5.CR5,4,
10082,80283,PD5.CR5,4,
10082,81347,PD5.CR5,4,
10082,81329,PD5.CR5,4,
10082,81229,PD5.CR5,4,
10082,81704,PD5.CR5,4,
10082,80318,PD5.CR5,4,
10082,83666,PD5.CR5,4,
10082,80595,PD5.CR5,4,
10082,81764,PD5.CR5,4,
10082,81739,PD5.CR5,4,
10082,81779,PD5,100,100
10082,81723,PD5,100,100
10082,80765,PD5,100,100
10082,81284,PD5,93.8,93.8
10082,81239,PD5,100,100
10082,80283,PD5,100,100
10082,81347,PD5,87.5,87.5
10082,81329,PD5,100,100
10082,81229,PD5,87.5,87.5
10082,81704,PD5,75,75
10082,80318,PD5,81.3,81.3
10082,83666,PD5,100,100
10082,80595,PD5,93.8,93.8
10082,81764,PD5,87.5,87.5
10082,81739,PD5,100,100
10082,81779,PD6.CR1,3,
10082,81723,PD6.CR1,4,
10082,80765,PD6.CR1,4,
10082,81284,PD6.CR1,4,
10082,81239,PD6.CR1,2,
10082,80283,PD6.CR1,3,
10082,81347,PD6.CR1,4,
10082,81329,PD6.CR1,3,
10082,81229,PD6.CR1,3,
10082,81704,PD6.CR1,4,
10082,80318,PD6.CR1,4,
10082,83666,PD6.CR1,4,
10082,80595,PD6.CR1,2,
10082,81764,PD6.CR1,4,
10082,81739,PD6.CR1,2,
10082,81779,PD6.CR2,3,
10082,81723,PD6.CR2,4,
10082,80765,PD6.CR2,3,
10082,81284,PD6.CR2,4,
10082,81239,PD6.CR2,3,
10082,80283,PD6.CR2,2,
10082,81347,PD6.CR2,2,
10082,81329,PD6.CR2,2,
10082,81229,PD6.CR2,3,
10082,81704,PD6.CR2,4,
10082,80318,PD6.CR2,3,
10082,83666,PD6.CR2,3,
10082,80595,PD6.CR2,2,
10082,81764,PD6.CR2,3,
10082,81739,PD6.CR2,3,
10082,81779,PD6.CR3,4,
10082,81723,PD6.CR3,4,
10082,80765,PD6.CR3,4,
10082,81284,PD6.CR3,4,
10082,81239,PD6.CR3,3,
10082,80283,PD6.CR3,3,
10082,81347,PD6.CR3,3,
10082,81329,PD6.CR3,4,
10082,81229,PD6.CR3,4,
10082,81704,PD6.CR3,4,
10082,80318,PD6.CR3,4,
10082,83666,PD6.CR3,4,
10082,80595,PD6.CR3,4,
10082,81764,PD6.CR3,4,
10082,81739,PD6.CR3,2,
10082,81779,PD6.CR4,4,
10082,81723,PD6.CR4,4,
10082,80765,PD6.CR4,3,
10082,81284,PD6.CR4,4,
10082,81239,PD6.CR4,3,
10082,80283,PD6.CR4,3,
10082,81347,PD6.CR4,2,
10082,81329,PD6.CR4,3,
10082,81229,PD6.CR4,2,
10082,81704,PD6.CR4,4,
10082,80318,PD6.CR4,3,
10082,83666,PD6.CR4,4,
10082,80595,PD6.CR4,3,
10082,81764,PD6.CR4,4,
10082,81739,PD6.CR4,3,
10082,81779,PD6,87.5,87.5
10082,81723,PD6,100,100
10082,80765,PD6,87.5,87.5
10082,81284,PD6,100,100
10082,81239,PD6,68.8,68.8
10082,80283,PD6,68.8,68.8
10082,81347,PD6,68.8,68.8
10082,81329,PD6,75,75
10082,81229,PD6,75,75
10082,81704,PD6,100,100
10082,80318,PD6,87.5,87.5
10082,83666,PD6,93.8,93.8
10082,80595,PD6,68.8,68.8
10082,81764,PD6,93.8,93.8
10082,81739,PD6,62.5,62.5
10082,81779,PD7.CR1,2,
10082,81723,PD7.CR1,4,
10082,80765,PD7.CR1,4,
10082,81284,PD7.CR1,4,
10082,81239,PD7.CR1,4,
10082,80283,PD7.CR1,3,
10082,81347,PD7.CR1,3,
10082,81329,PD7.CR1,3,
10082,81229,PD7.CR1,4,
10082,81704,PD7.CR1,4,
10082,80318,PD7.CR1,4,
10082,83666,PD7.CR1,4,
10082,80595,PD7.CR1,2,
10082,81764,PD7.CR1,2,
10082,81739,PD7.CR1,2,
10082,81779,PD7.CR2,4,
10082,81723,PD7.CR2,4,
10082,80765,PD7.CR2,3,
10082,81284,PD7.CR2,4,
10082,81239,PD7.CR2,3,
10082,80283,PD7.CR2,4,
10082,81347,PD7.CR2,4,
10082,81329,PD7.CR2,4,
10082,81229,PD7.CR2,3,
10082,81704,PD7.CR2,4,
10082,80318,PD7.CR2,4,
10082,83666,PD7.CR2,3,
10082,80595,PD7.CR2,4,
10082,81764,PD7.CR2,4,
10082,81739,PD7.CR2,4,
10082,81779,PD7.CR3,4,
10082,81723,PD7.CR3,4,
10082,80765,PD7.CR3,4,
10082,81284,PD7.CR3,3,
10082,81239,PD7.CR3,4,
10082,80283,PD7.CR3,4,
10082,81347,PD7.CR3,4,
10082,81329,PD7.CR3,4,
10082,81229,PD7.CR3,4,
10082,81704,PD7.CR3,3,
10082,80318,PD7.CR3,3,
10082,83666,PD7.CR3,4,
10082,80595,PD7.CR3,3,
10082,81764,PD7.CR3,3,
10082,81739,PD7.CR3,3,
10082,81779,PD7.CR4,3,
10082,81723,PD7.CR4,3,
10082,80765,PD7.CR4,3,
10082,81284,PD7.CR4,3,
10082,81239,PD7.CR4,3,
10082,80283,PD7.CR4,3,
10082,81347,PD7.CR4,4,
10082,81329,PD7.CR4,3,
10082,81229,PD7.CR4,3,
10082,81704,PD7.CR4,3,
10082,80318,PD7.CR4,3,
10082,83666,PD7.CR4,3,
10082,80595,PD7.CR4,3,
10082,81764,PD7.CR4,3,
10082,81739,PD7.CR4,3,
10082,81779,PD7.CR5,4,
10082,81723,PD7.CR5,4,
10082,80765,PD7.CR5,4,
10082,81284,PD7.CR5,4,
10082,81239,PD7.CR5,4,
10082,80283,PD7.CR5,4,
10082,81347,PD7.CR5,4,
10082,81329,PD7.CR5,4,
10082,81229,PD7.CR5,4,
10082,81704,PD7.CR5,4,
10082,80318,PD7.CR5,4,
10082,83666,PD7.CR5,4,
10082,80595,PD7.CR5,4,
10082,81764,PD7.CR5,4,
10082,81739,PD7.CR5,4,
10082,81779,PD7.CR6,3,
10082,81723,PD7.CR6,3,
10082,80765,PD7.CR6,3,
10082,81284,PD7.CR6,3,
10082,81239,PD7.CR6,3,
10082,80283,PD7.CR6,4,
10082,81347,PD7.CR6,2,
10082,81329,PD7.CR6,4,
10082,81229,PD7.CR6,3,
10082,81704,PD7.CR6,3,
10082,80318,PD7.CR6,3,
10082,83666,PD7.CR6,3,
10082,80595,PD7.CR6,3,
10082,81764,PD7.CR6,3,
10082,81739,PD7.CR6,3,
10082,81779,PD7.CR7,2,
10082,81723,PD7.CR7,3,
10082,80765,PD7.CR7,2,
10082,81284,PD7.CR7,3,
10082,81239,PD7.CR7,2,
10082,80283,PD7.CR7,3,
10082,81347,PD7.CR7,2,
10082,81329,PD7.CR7,3,
10082,81229,PD7.CR7,2,
10082,81704,PD7.CR7,3,
10082,80318,PD7.CR7,3,
10082,83666,PD7.CR7,2,
10082,80595,PD7.CR7,2,
10082,81764,PD7.CR7,2,
10082,81739,PD7.CR7,2,
10082,81779,PD7.CR8,2,
10082,81723,PD7.CR8,3,
10082,80765,PD7.CR8,2,
10082,81284,PD7.CR8,3,
10082,81239,PD7.CR8,2,
10082,80283,PD7.CR8,4,
10082,81347,PD7.CR8,2,
10082,81329,PD7.CR8,4,
10082,81229,PD7.CR8,2,
10082,81704,PD7.CR8,3,
10082,80318,PD7.CR8,3,
10082,83666,PD7.CR8,2,
10082,80595,PD7.CR8,2,
10082,81764,PD7.CR8,2,
10082,81739,PD7.CR8,2,
10082,81779,PD7.CR9,2,
10082,81723,PD7.CR9,3,
10082,80765,PD7.CR9,2,
10082,81284,PD7.CR9,3,
10082,81239,PD7.CR9,2,
10082,80283,PD7.CR9,2,
10082,81347,PD7.CR9,2,
10082,81329,PD7.CR9,2,
10082,81229,PD7.CR9,2,
10082,81704,PD7.CR9,3,
10082,80318,PD7.CR9,3,
10082,83666,PD7.CR9,2,
10082,80595,PD7.CR9,2,
10082,81764,PD7.CR9,2,
10082,81739,PD7.CR9,2,
10082,81779,PD7.CR10,3,
10082,81723,PD7.CR10,3,
10082,80765,PD7.CR10,3,
10082,81284,PD7.CR10,3,
10082,81239,PD7.CR10,3,
10082,80283,PD7.CR10,3,
10082,81347,PD7.CR10,3,
10082,81329,PD7.CR10,3,
10082,81229,PD7.CR10,3,
10082,81704,PD7.CR10,3,
10082,80318,PD7.CR10,3,
10082,83666,PD7.CR10,3,
10082,80595,PD7.CR10,3,
10082,81764,PD7.CR10,3,
10082,81739,PD7.CR10,3,
10082,81779,PD7,72.5,72.5
10082,81723,PD7,85,85
10082,80765,PD7,75,75
10082,81284,PD7,82.5,82.5
10082,81239,PD7,75,75
10082,80283,PD7,85,85
10082,81347,PD7,75,75
10082,81329,PD7,85,85
10082,81229,PD7,75,75
10082,81704,PD7,82.5,82.5
10082,80318,PD7,82.5,82.5
10082,83666,PD7,75,75
10082,80595,PD7,70,70
10082,81764,PD7,70,70
10082,81739,PD7,70,70
10082,81779,PM1.CR1,2,
10082,81723,PM1.CR1,4,
10082,80765,PM1.CR1,4,
10082,81284,PM1.CR1,4,
10082,81239,PM1.CR1,4,
10082,80283,PM1.CR1,4,
10082,81347,PM1.CR1,4,
10082,81329,PM1.CR1,4,
10082,81229,PM1.CR1,4,
10082,81704,PM1.CR1,4,
10082,80318,PM1.CR1,4,
10082,83666,PM1.CR1,4,
10082,80595,PM1.CR1,2,
10082,81764,PM1.CR1,2,
10082,81739,PM1.CR1,2,
10082,81779,PM1.CR2,3,
10082,81723,PM1.CR2,4,
10082,80765,PM1.CR2,4,
10082,81284,PM1.CR2,4,
10082,81239,PM1.CR2,4,
10082,80283,PM1.CR2,4,
10082,81347,PM1.CR2,4,
10082,81329,PM1.CR2,4,
10082,81229,PM1.CR2,4,
10082,81704,PM1.CR2,4,
10082,80318,PM1.CR2,4,
10082,83666,PM1.CR2,4,
10082,80595,PM1.CR2,3,
10082,81764,PM1.CR2,3,
10082,81739,PM1.CR2,3,
10082,81779,PM1.CR3,4,
10082,81723,PM1.CR3,4,
10082,80765,PM1.CR3,4,
10082,81284,PM1.CR3,4,
10082,81239,PM1.CR3,4,
10082,80283,PM1.CR3,4,
10082,81347,PM1.CR3,4,
10082,81329,PM1.CR3,4,
10082,81229,PM1.CR3,4,
10082,81704,PM1.CR3,4,
10082,80318,PM1.CR3,4,
10082,83666,PM1.CR3,4,
10082,80595,PM1.CR3,4,
10082,81764,PM1.CR3,4,
10082,81739,PM1.CR3,4,
10082,81779,PM1.CR4,3,
10082,81723,PM1.CR4,4,
10082,80765,PM1.CR4,4,
10082,81284,PM1.CR4,4,
10082,81239,PM1.CR4,4,
10082,80283,PM1.CR4,4,
10082,81347,PM1.CR4,4,
10082,81329,PM1.CR4,4,
10082,81229,PM1.CR4,4,
10082,81704,PM1.CR4,4,
10082,80318,PM1.CR4,4,
10082,83666,PM1.CR4,4,
10082,80595,PM1.CR4,3,
10082,81764,PM1.CR4,3,
10082,81739,PM1.CR4,3,
10082,81779,PM1.CR5,3,
10082,81723,PM1.CR5,4,
10082,80765,PM1.CR5,4,
10082,81284,PM1.CR5,4,
10082,81239,PM1.CR5,4,
10082,80283,PM1.CR5,4,
10082,81347,PM1.CR5,4,
10082,81329,PM1.CR5,4,
10082,81229,PM1.CR5,4,
10082,81704,PM1.CR5,4,
10082,80318,PM1.CR5,4,
10082,83666,PM1.CR5,4,
10082,80595,PM1.CR5,3,
10082,81764,PM1.CR5,3,
10082,81739,PM1.CR5,3,
10082,81779,PM1.CR6,3,
10082,81723,PM1.CR6,4,
10082,80765,PM1.CR6,4,
10082,81284,PM1.CR6,4,
10082,81239,PM1.CR6,4,
10082,80283,PM1.CR6,4,
10082,81347,PM1.CR6,4,
10082,81329,PM1.CR6,4,
10082,81229,PM1.CR6,4,
10082,81704,PM1.CR6,4,
10082,80318,PM1.CR6,4,
10082,83666,PM1.CR6,4,
10082,80595,PM1.CR6,3,
10082,81764,PM1.CR6,3,
10082,81739,PM1.CR6,3,
10082,81779,PM1.CR7,2,
10082,81723,PM1.CR7,4,
10082,80765,PM1.CR7,4,
10082,81284,PM1.CR7,4,
10082,81239,PM1.CR7,3,
10082,80283,PM1.CR7,4,
10082,81347,PM1.CR7,4,
10082,81329,PM1.CR7,4,
10082,81229,PM1.CR7,4,
10082,81704,PM1.CR7,4,
10082,80318,PM1.CR7,4,
10082,83666,PM1.CR7,4,
10082,80595,PM1.CR7,2,
10082,81764,PM1.CR7,4,
10082,81739,PM1.CR7,4,
10082,81779,PM1.CR8,3,
10082,81723,PM1.CR8,4,
10082,80765,PM1.CR8,4,
10082,81284,PM1.CR8,4,
10082,81239,PM1.CR8,3,
10082,80283,PM1.CR8,4,
10082,81347,PM1.CR8,4,
10082,81329,PM1.CR8,4,
10082,81229,PM1.CR8,4,
10082,81704,PM1.CR8,2,
10082,80318,PM1.CR8,3,
10082,83666,PM1.CR8,4,
10082,80595,PM1.CR8,3,
10082,81764,PM1.CR8,4,
10082,81739,PM1.CR8,4,
10082,81779,PM1.CR9,3,
10082,81723,PM1.CR9,4,
10082,80765,PM1.CR9,4,
10082,81284,PM1.CR9,4,
10082,81239,PM1.CR9,2,
10082,80283,PM1.CR9,4,
10082,81347,PM1.CR9,4,
10082,81329,PM1.CR9,4,
10082,81229,PM1.CR9,3,
10082,81704,PM1.CR9,3,
10082,80318,PM1.CR9,3,
10082,83666,PM1.CR9,4,
10082,80595,PM1.CR9,3,
10082,81764,PM1.CR9,4,
10082,81739,PM1.CR9,4,
10082,81779,PM1,70.83,70.83
10082,81723,PM1,100,100
10082,80765,PM1,100,100
10082,81284,PM1,100,100
10082,81239,PM1,83.33,83.33
10082,80283,PM1,100,100
10082,81347,PM1,100,100
10082,81329,PM1,100,100
10082,81229,PM1,95.83,95.83
10082,81704,PM1,87.5,87.5
10082,80318,PM1,91.67,91.67
10082,83666,PM1,100,100
10082,80595,PM1,70.83,70.83
10082,81764,PM1,87.5,87.5
10082,81739,PM1,87.5,87.5
10082,81779,PM2.CR1,2,
10082,81723,PM2.CR1,4,
10082,80765,PM2.CR1,4,
10082,81284,PM2.CR1,4,
10082,81239,PM2.CR1,4,
10082,80283,PM2.CR1,4,
10082,81347,PM2.CR1,4,
10082,81329,PM2.CR1,4,
10082,81229,PM2.CR1,4,
10082,81704,PM2.CR1,4,
10082,80318,PM2.CR1,4,
10082,83666,PM2.CR1,4,
10082,80595,PM2.CR1,2,
10082,81764,PM2.CR1,2,
10082,81739,PM2.CR1,2,
10082,81779,PM2.CR2,3,
10082,81723,PM2.CR2,4,
10082,80765,PM2.CR2,4,
10082,81284,PM2.CR2,4,
10082,81239,PM2.CR2,4,
10082,80283,PM2.CR2,4,
10082,81347,PM2.CR2,4,
10082,81329,PM2.CR2,4,
10082,81229,PM2.CR2,4,
10082,81704,PM2.CR2,4,
10082,80318,PM2.CR2,4,
10082,83666,PM2.CR2,4,
10082,80595,PM2.CR2,3,
10082,81764,PM2.CR2,3,
10082,81739,PM2.CR2,3,
10082,81779,PM2.CR3,4,
10082,81723,PM2.CR3,4,
10082,80765,PM2.CR3,4,
10082,81284,PM2.CR3,4,
10082,81239,PM2.CR3,4,
10082,80283,PM2.CR3,4,
10082,81347,PM2.CR3,4,
10082,81329,PM2.CR3,4,
10082,81229,PM2.CR3,4,
10082,81704,PM2.CR3,4,
10082,80318,PM2.CR3,4,
10082,83666,PM2.CR3,4,
10082,80595,PM2.CR3,4,
10082,81764,PM2.CR3,4,
10082,81739,PM2.CR3,4,
10082,81779,PM2.CR4,3,
10082,81723,PM2.CR4,4,
10082,80765,PM2.CR4,4,
10082,81284,PM2.CR4,4,
10082,81239,PM2.CR4,4,
10082,80283,PM2.CR4,4,
10082,81347,PM2.CR4,4,
10082,81329,PM2.CR4,4,
10082,81229,PM2.CR4,4,
10082,81704,PM2.CR4,4,
10082,80318,PM2.CR4,4,
10082,83666,PM2.CR4,4,
10082,80595,PM2.CR4,3,
10082,81764,PM2.CR4,3,
10082,81739,PM2.CR4,3,
10082,81779,PM2.CR5,3,
10082,81723,PM2.CR5,4,
10082,80765,PM2.CR5,4,
10082,81284,PM2.CR5,4,
10082,81239,PM2.CR5,4,
10082,80283,PM2.CR5,4,
10082,81347,PM2.CR5,4,
10082,81329,PM2.CR5,4,
10082,81229,PM2.CR5,4,
10082,81704,PM2.CR5,4,
10082,80318,PM2.CR5,4,
10082,83666,PM2.CR5,4,
10082,80595,PM2.CR5,3,
10082,81764,PM2.CR5,3,
10082,81739,PM2.CR5,3,
10082,81779,PM2.CR6,3,
10082,81723,PM2.CR6,4,
10082,80765,PM2.CR6,4,
10082,81284,PM2.CR6,4,
10082,81239,PM2.CR6,4,
10082,80283,PM2.CR6,4,
10082,81347,PM2.CR6,4,
10082,81329,PM2.CR6,4,
10082,81229,PM2.CR6,4,
10082,81704,PM2.CR6,4,
10082,80318,PM2.CR6,4,
10082,83666,PM2.CR6,4,
10082,80595,PM2.CR6,3,
10082,81764,PM2.CR6,3,
10082,81739,PM2.CR6,3,
10082,81779,PM2.CR7,2,
10082,81723,PM2.CR7,4,
10082,80765,PM2.CR7,4,
10082,81284,PM2.CR7,4,
10082,81239,PM2.CR7,3,
10082,80283,PM2.CR7,4,
10082,81347,PM2.CR7,4,
10082,81329,PM2.CR7,4,
10082,81229,PM2.CR7,4,
10082,81704,PM2.CR7,4,
10082,80318,PM2.CR7,4,
10082,83666,PM2.CR7,4,
10082,80595,PM2.CR7,2,
10082,81764,PM2.CR7,4,
10082,81739,PM2.CR7,4,
10082,81779,PM2.CR8,3,
10082,81723,PM2.CR8,4,
10082,80765,PM2.CR8,4,
10082,81284,PM2.CR8,4,
10082,81239,PM2.CR8,3,
10082,80283,PM2.CR8,4,
10082,81347,PM2.CR8,4,
10082,81329,PM2.CR8,4,
10082,81229,PM2.CR8,4,
10082,81704,PM2.CR8,2,
10082,80318,PM2.CR8,3,
10082,83666,PM2.CR8,4,
10082,80595,PM2.CR8,3,
10082,81764,PM2.CR8,4,
10082,81739,PM2.CR8,4,
10082,81779,PM2.CR9,3,
10082,81723,PM2.CR9,4,
10082,80765,PM2.CR9,4,
10082,81284,PM2.CR9,4,
10082,81239,PM2.CR9,2,
10082,80283,PM2.CR9,4,
10082,81347,PM2.CR9,4,
10082,81329,PM2.CR9,4,
10082,81229,PM2.CR9,3,
10082,81704,PM2.CR9,3,
10082,80318,PM2.CR9,3,
10082,83666,PM2.CR9,4,
10082,80595,PM2.CR9,3,
10082,81764,PM2.CR9,4,
10082,81739,PM2.CR9,4,
10082,81779,PM2,70.83,70.83
10082,81723,PM2,100,100
10082,80765,PM2,100,100
10082,81284,PM2,100,100
10082,81239,PM2,83.33,83.33
10082,80283,PM2,100,100
10082,81347,PM2,100,100
10082,81329,PM2,100,100
10082,81229,PM2,95.83,95.83
10082,81704,PM2,87.5,87.5
10082,80318,PM2,91.67,91.67
10082,83666,PM2,100,100
10082,80595,PM2,70.83,70.83
10082,81764,PM2,87.5,87.5
10082,81739,PM2,87.5,87.5
10082,81779,AAD1.CR1,3,
10082,81723,AAD1.CR1,1,
10082,80765,AAD1.CR1,1,
10082,81284,AAD1.CR1,1,
10082,81239,AAD1.CR1,1,
10082,80283,AAD1.CR1,1,
10082,81347,AAD1.CR1,1,
10082,81329,AAD1.CR1,1,
10082,81229,AAD1.CR1,1,
10082,81704,AAD1.CR1,1,
10082,80318,AAD1.CR1,1,
10082,83666,AAD1.CR1,1,
10082,80595,AAD1.CR1,3,
10082,81764,AAD1.CR1,3,
10082,81739,AAD1.CR1,3,
10082,81779,AAD1.CR2,3,
10082,81723,AAD1.CR2,3,
10082,80765,AAD1.CR2,3,
10082,81284,AAD1.CR2,3,
10082,81239,AAD1.CR2,3,
10082,80283,AAD1.CR2,2,
10082,81347,AAD1.CR2,2,
10082,81329,AAD1.CR2,2,
10082,81229,AAD1.CR2,3,
10082,81704,AAD1.CR2,3,
10082,80318,AAD1.CR2,3,
10082,83666,AAD1.CR2,3,
10082,80595,AAD1.CR2,3,
10082,81764,AAD1.CR2,3,
10082,81739,AAD1.CR2,3,
10082,81779,AAD1.CR3,3,
10082,81723,AAD1.CR3,4,
10082,80765,AAD1.CR3,3,
10082,81284,AAD1.CR3,4,
10082,81239,AAD1.CR3,3,
10082,80283,AAD1.CR3,4,
10082,81347,AAD1.CR3,4,
10082,81329,AAD1.CR3,4,
10082,81229,AAD1.CR3,3,
10082,81704,AAD1.CR3,4,
10082,80318,AAD1.CR3,4,
10082,83666,AAD1.CR3,3,
10082,80595,AAD1.CR3,3,
10082,81764,AAD1.CR3,3,
10082,81739,AAD1.CR3,3,
10082,81779,AAD1.CR4,3,
10082,81723,AAD1.CR4,3,
10082,80765,AAD1.CR4,3,
10082,81284,AAD1.CR4,3,
10082,81239,AAD1.CR4,3,
10082,80283,AAD1.CR4,2,
10082,81347,AAD1.CR4,2,
10082,81329,AAD1.CR4,2,
10082,81229,AAD1.CR4,3,
10082,81704,AAD1.CR4,3,
10082,80318,AAD1.CR4,3,
10082,83666,AAD1.CR4,3,
10082,80595,AAD1.CR4,3,
10082,81764,AAD1.CR4,3,
10082,81739,AAD1.CR4,3,
10082,81779,AAD1.CR5,3,
10082,81723,AAD1.CR5,3,
10082,80765,AAD1.CR5,4,
10082,81284,AAD1.CR5,3,
10082,81239,AAD1.CR5,4,
10082,80283,AAD1.CR5,4,
10082,81347,AAD1.CR5,4,
10082,81329,AAD1.CR5,4,
10082,81229,AAD1.CR5,4,
10082,81704,AAD1.CR5,3,
10082,80318,AAD1.CR5,3,
10082,83666,AAD1.CR5,4,
10082,80595,AAD1.CR5,3,
10082,81764,AAD1.CR5,3,
10082,81739,AAD1.CR5,3,
10082,81779,AAD1.CR6,2,
10082,81723,AAD1.CR6,4,
10082,80765,AAD1.CR6,4,
10082,81284,AAD1.CR6,4,
10082,81239,AAD1.CR6,4,
10082,80283,AAD1.CR6,4,
10082,81347,AAD1.CR6,4,
10082,81329,AAD1.CR6,4,
10082,81229,AAD1.CR6,4,
10082,81704,AAD1.CR6,4,
10082,80318,AAD1.CR6,4,
10082,83666,AAD1.CR6,4,
10082,80595,AAD1.CR6,2,
10082,81764,AAD1.CR6,2,
10082,81739,AAD1.CR6,2,
10082,81779,AAD1.CR7,2,
10082,81723,AAD1.CR7,4,
10082,80765,AAD1.CR7,4,
10082,81284,AAD1.CR7,4,
10082,81239,AAD1.CR7,4,
10082,80283,AAD1.CR7,4,
10082,81347,AAD1.CR7,4,
10082,81329,AAD1.CR7,4,
10082,81229,AAD1.CR7,4,
10082,81704,AAD1.CR7,4,
10082,80318,AAD1.CR7,4,
10082,83666,AAD1.CR7,4,
10082,80595,AAD1.CR7,2,
10082,81764,AAD1.CR7,2,
10082,81739,AAD1.CR7,2,
10082,81779,AAD1.CR8,3,
10082,81723,AAD1.CR8,3,
10082,80765,AAD1.CR8,3,
10082,81284,AAD1.CR8,3,
10082,81239,AAD1.CR8,3,
10082,80283,AAD1.CR8,3,
10082,81347,AAD1.CR8,3,
10082,81329,AAD1.CR8,3,
10082,81229,AAD1.CR8,3,
10082,81704,AAD1.CR8,3,
10082,80318,AAD1.CR8,3,
10082,83666,AAD1.CR8,3,
10082,80595,AAD1.CR8,3,
10082,81764,AAD1.CR8,3,
10082,81739,AAD1.CR8,3,
10082,81779,AAD1,70,70
10082,81723,AAD1,77.5,77.5
10082,80765,AAD1,80,80
10082,81284,AAD1,77.5,77.5
10082,81239,AAD1,80,80
10082,80283,AAD1,77.5,77.5
10082,81347,AAD1,77.5,77.5
10082,81329,AAD1,77.5,77.5
10082,81229,AAD1,80,80
10082,81704,AAD1,77.5,77.5
10082,80318,AAD1,77.5,77.5
10082,83666,AAD1,80,80
10082,80595,AAD1,70,70
10082,81764,AAD1,70,70
10082,81739,AAD1,70,70
10082,81779,AAD2.CR1,4,
10082,81723,AAD2.CR1,4,
10082,80765,AAD2.CR1,4,
10082,81284,AAD2.CR1,4,
10082,81239,AAD2.CR1,4,
10082,80283,AAD2.CR1,4,
10082,81347,AAD2.CR1,4,
10082,81329,AAD2.CR1,4,
10082,81229,AAD2.CR1,4,
10082,81704,AAD2.CR1,4,
10082,80318,AAD2.CR1,4,
10082,83666,AAD2.CR1,4,
10082,80595,AAD2.CR1,4,
10082,81764,AAD2.CR1,4,
10082,81739,AAD2.CR1,4,
10082,81779,AAD2.CR2,4,
10082,81723,AAD2.CR2,4,
10082,80765,AAD2.CR2,4,
10082,81284,AAD2.CR2,4,
10082,81239,AAD2.CR2,4,
10082,80283,AAD2.CR2,4,
10082,81347,AAD2.CR2,4,
10082,81329,AAD2.CR2,4,
10082,81229,AAD2.CR2,4,
10082,81704,AAD2.CR2,4,
10082,80318,AAD2.CR2,4,
10082,83666,AAD2.CR2,4,
10082,80595,AAD2.CR2,4,
10082,81764,AAD2.CR2,4,
10082,81739,AAD2.CR2,4,
10082,81779,AAD2.CR3,4,
10082,81723,AAD2.CR3,4,
10082,80765,AAD2.CR3,4,
10082,81284,AAD2.CR3,4,
10082,81239,AAD2.CR3,4,
10082,80283,AAD2.CR3,4,
10082,81347,AAD2.CR3,4,
10082,81329,AAD2.CR3,4,
10082,81229,AAD2.CR3,4,
10082,81704,AAD2.CR3,4,
10082,80318,AAD2.CR3,4,
10082,83666,AAD2.CR3,4,
10082,80595,AAD2.CR3,4,
10082,81764,AAD2.CR3,4,
10082,81739,AAD2.CR3,4,
10082,81779,AAD2,100,100
10082,81723,AAD2,100,100
10082,80765,AAD2,100,100
10082,81284,AAD2,100,100
10082,81239,AAD2,100,100
10082,80283,AAD2,100,100
10082,81347,AAD2,100,100
10082,81329,AAD2,100,100
10082,81229,AAD2,100,100
10082,81704,AAD2,100,100
10082,80318,AAD2,100,100
10082,83666,AAD2,100,100
10082,80595,AAD2,100,100
10082,81764,AAD2,100,100
10082,81739,AAD2,100,100
