10275,82156,L1.E,100
10275,82279,L1.E,100
10275,82522,L1.E,100
10275,82036,L1.E,100
10275,82592,L1.E,100
10275,82967,L1.E,100
10275,81973,L1.E,100
10275,83376,L1.E,100
10275,82980,L1.E,100
10275,83364,L1.E,100
10275,82156,L2.E,100
10275,82279,L2.E,100
10275,82522,L2.E,100
10275,82036,L2.E,100
10275,82592,L2.E,0
10275,82967,L2.E,100
10275,81973,L2.E,100
10275,83376,L2.E,97.5
10275,82980,L2.E,97.5
10275,83364,L2.E,97.5
10275,82156,L3.E,97.5
10275,82279,L3.E,92.5
10275,82522,L3.E,92.5
10275,82036,L3.E,100
10275,82592,L3.E,97.5
10275,82967,L3.E,95
10275,81973,L3.E,97.5
10275,83376,L3.E,100
10275,82980,L3.E,97.5
10275,83364,L3.E,100
10275,82156,L4.E,100
10275,82279,L4.E,92.5
10275,82522,L4.E,92.5
10275,82036,L4.E,100
10275,82592,L4.E,92.5
10275,82967,L4.E,92.5
10275,81973,L4.E,100
10275,83376,L4.E,100
10275,82980,L4.E,95
10275,83364,L4.E,95
10275,82156,L5.E,100
10275,82279,L5.E,92.5
10275,82522,L5.E,0
10275,82036,L5.E,100
10275,82592,L5.E,97.5
10275,82967,L5.E,97.5
10275,81973,L5.E,97.5
10275,83376,L5.E,100
10275,82980,L5.E,100
10275,83364,L5.E,100
10275,82156,L6.E,0
10275,82279,L6.E,95
10275,82522,L6.E,95
10275,82036,L6.E,100
10275,82592,L6.E,100
10275,82967,L6.E,0
10275,81973,L6.E,100
10275,83376,L6.E,95
10275,82980,L6.E,100
10275,83364,L6.E,100
10275,82156,L7.E,95
10275,82279,L7.E,90
10275,82522,L7.E,90
10275,82036,L7.E,95
10275,82592,L7.E,95
10275,82967,L7.E,95
10275,81973,L7.E,95
10275,83376,L7.E,95
10275,82980,L7.E,95
10275,83364,L7.E,95
10275,82156,L8.E,95
10275,82279,L8.E,90
10275,82522,L8.E,90
10275,82036,L8.E,95
10275,82592,L8.E,90
10275,82967,L8.E,90
10275,81973,L8.E,95
10275,83376,L8.E,0
10275,82980,L8.E,95
10275,83364,L8.E,95
10276,81423,L1.E,95
10276,82892,L1.E,0
10276,82366,L1.E,95
10276,82430,L1.E,92.5
10276,81017,L1.E,95
10276,83446,L1.E,95
10276,83228,L1.E,95
10276,83329,L1.E,95
10276,83068,L1.E,95
10276,82628,L1.E,92.5
10276,83080,L1.E,95
10276,82677,L1.E,95
10276,84893,L1.E,95
10276,81423,L2.E,95
10276,82892,L2.E,0
10276,82366,L2.E,95
10276,82430,L2.E,92.5
10276,81017,L2.E,95
10276,83446,L2.E,95
10276,83228,L2.E,95
10276,83329,L2.E,95
10276,83068,L2.E,95
10276,82628,L2.E,92.5
10276,83080,L2.E,95
10276,82677,L2.E,95
10276,84893,L2.E,95
10276,81423,L3.E,95
10276,82892,L3.E,92.5
10276,82366,L3.E,92.5
10276,82430,L3.E,92.5
10276,81017,L3.E,92.5
10276,83446,L3.E,92.5
10276,83228,L3.E,95
10276,83329,L3.E,100
10276,83068,L3.E,95
10276,82628,L3.E,0
10276,83080,L3.E,95
10276,82677,L3.E,100
10276,84893,L3.E,92.5
10276,81423,L4.E,90
10276,82892,L4.E,0
10276,82366,L4.E,87.5
10276,82430,L4.E,92.5
10276,81017,L4.E,92.5
10276,83446,L4.E,92.5
10276,83228,L4.E,92.5
10276,83329,L4.E,92.5
10276,83068,L4.E,92.5
10276,82628,L4.E,87.5
10276,83080,L4.E,90
10276,82677,L4.E,92.5
10276,84893,L4.E,90
10276,81423,L5.E,95
10276,82892,L5.E,92.5
10276,82366,L5.E,92.5
10276,82430,L5.E,90
10276,81017,L5.E,95
10276,83446,L5.E,92.5
10276,83228,L5.E,90
10276,83329,L5.E,95
10276,83068,L5.E,95
10276,82628,L5.E,90
10276,83080,L5.E,92.5
10276,82677,L5.E,95
10276,84893,L5.E,95
10276,81423,L6.E,95
10276,82892,L6.E,95
10276,82366,L6.E,90
10276,82430,L6.E,90
10276,81017,L6.E,90
10276,83446,L6.E,90
10276,83329,L6.E,100
10276,83068,L6.E,100
10276,82628,L6.E,0
10276,83080,L6.E,97.5
10276,82677,L6.E,95
10276,84893,L6.E,100
10276,81423,L7.E,87.5
10276,82892,L7.E,0
10276,82366,L7.E,90
10276,82430,L7.E,90
10276,81017,L7.E,92.5
10276,83446,L7.E,92.5
10276,83228,L7.E,92.5
10276,83329,L7.E,100
10276,83068,L7.E,100
10276,82628,L7.E,87.5
10276,83080,L7.E,92.5
10276,82677,L7.E,97.5
10276,84893,L7.E,97.5
10276,81423,L8.E,87.5
10276,82892,L8.E,85
10276,82366,L8.E,85
10276,82430,L8.E,85
10276,81017,L8.E,92.5
10276,83446,L8.E,92.5
10276,83228,L8.E,0
10276,83329,L8.E,100
10276,83068,L8.E,95
10276,82628,L8.E,85
10276,83080,L8.E,95
10276,82677,L8.E,92.5
10276,84893,L8.E,92.5
10277,81031,L1.E,95
10277,82103,L1.E,95
10277,83179,L1.E,100
10277,83456,L1.E,92.5
10277,82075,L1.E,92.5
10277,83160,L1.E,95
10277,82504,L1.E,95
10277,81031,L2.E,92.5
10277,82103,L2.E,100
10277,83179,L2.E,95
10277,83456,L2.E,92.5
10277,82075,L2.E,92.5
10277,83160,L2.E,0
10277,82504,L2.E,100
10277,81031,L3.E,92.5
10277,82103,L3.E,92.5
10277,83179,L3.E,95
10277,83456,L3.E,95
10277,82075,L3.E,92.5
10277,83160,L3.E,92.5
10277,82504,L3.E,95
10277,81031,L4.E,92.5
10277,82103,L4.E,92.5
10277,83179,L4.E,92.5
10277,83456,L4.E,97.5
10277,82075,L4.E,92.5
10277,83160,L4.E,92.5
10277,82504,L4.E,92.5
10277,81031,L5.E,91.7
10277,82103,L5.E,91.7
10277,83179,L5.E,100
10277,83456,L5.E,91.7
10277,82075,L5.E,100
10277,83160,L5.E,91.7
10277,82504,L5.E,91.7
10277,81031,L6.E,100
10277,82103,L6.E,0
10277,83179,L6.E,100
10277,83456,L6.E,91.7
10277,82075,L6.E,100
10277,83160,L6.E,91.7
10277,82504,L6.E,83.3
10277,81031,L7.E,0
10277,82103,L7.E,66.7
10277,83179,L7.E,66.7
10277,83456,L7.E,66.7
10277,82075,L7.E,66.7
10277,83160,L7.E,83.3
10277,82504,L7.E,83.3
10277,81031,L8.E,66.7
10277,82103,L8.E,66.7
10277,83179,L8.E,66.7
10277,83456,L8.E,66.7
10277,82075,L8.E,66.7
10277,83160,L8.E,83.3
10277,82504,L8.E,83.3
10278,83007,L1.E,90
10278,82876,L1.E,87.5
10278,82425,L1.E,85
10278,82983,L1.E,77.5
10278,82637,L1.E,100
10278,81948,L1.E,80
10278,82809,L1.E,82.5
10278,82383,L1.E,87.5
10278,83461,L1.E,75
10278,81808,L1.E,80
10278,83007,L2.E,90
10278,82876,L2.E,80
10278,82425,L2.E,90
10278,82983,L2.E,90
10278,82637,L2.E,92.5
10278,81948,L2.E,90
10278,82809,L2.E,90
10278,82383,L2.E,92.5
10278,83461,L2.E,77.5
10278,81808,L2.E,82.5
10278,83007,L3.E,95
10278,82876,L3.E,95
10278,82425,L3.E,87.5
10278,82983,L3.E,92.5
10278,82637,L3.E,100
10278,81948,L3.E,87.5
10278,82809,L3.E,90
10278,82383,L3.E,90
10278,83461,L3.E,80
10278,81808,L3.E,90
10278,83007,L4.E,95
10278,82876,L4.E,80
10278,82425,L4.E,87.5
10278,82983,L4.E,92.5
10278,82637,L4.E,97.5
10278,81948,L4.E,92.5
10278,82809,L4.E,85
10278,82383,L4.E,0
10278,83461,L4.E,90
10278,81808,L4.E,90
10278,83007,L5.E,97.5
10278,82876,L5.E,92.5
10278,82425,L5.E,95
10278,82983,L5.E,95
10278,82637,L5.E,100
10278,81948,L5.E,95
10278,82809,L5.E,95
10278,82383,L5.E,0
10278,83461,L5.E,92.5
10278,81808,L5.E,92.5
10278,83007,L6.E,100
10278,82876,L6.E,97.5
10278,82425,L6.E,90
10278,82983,L6.E,90
10278,82637,L6.E,95
10278,81948,L6.E,87.5
10278,82809,L6.E,90
10278,82383,L6.E,95
10278,83461,L6.E,82.5
10278,81808,L6.E,0
10278,83007,L7.E,97.5
10278,82876,L7.E,95
10278,82425,L7.E,95
10278,82983,L7.E,92.5
10278,82637,L7.E,97.5
10278,81948,L7.E,90
10278,82809,L7.E,95
10278,82383,L7.E,0
10278,83461,L7.E,90
10278,81808,L7.E,95
10278,83007,L8.E,95
10278,82876,L8.E,90
10278,82425,L8.E,85
10278,82983,L8.E,90
10278,82637,L8.E,80
10278,81948,L8.E,85
10278,82809,L8.E,85
10278,82383,L8.E,90
10278,83461,L8.E,77.5
10278,81808,L8.E,87.5
10335,82461,L1.E,92.5
10335,82899,L1.E,95
10335,81913,L1.E,95
10335,82961,L1.E,80
10335,82949,L1.E,87.5
10335,81945,L1.E,85
10335,83112,L1.E,87.5
10335,82017,L1.E,92.5
10335,83191,L1.E,87.5
10335,82066,L1.E,100
10335,82461,L2.E,95
10335,82899,L2.E,95
10335,81913,L2.E,90
10335,82961,L2.E,90
10335,82949,L2.E,90
10335,81945,L2.E,95
10335,83112,L2.E,95
10335,82017,L2.E,90
10335,83191,L2.E,90
10335,82066,L2.E,100
10335,82461,L3.E,92.5
10335,82899,L3.E,85
10335,81913,L3.E,90
10335,82961,L3.E,85
10335,82949,L3.E,90
10335,81945,L3.E,82.5
10335,83112,L3.E,92.5
10335,82017,L3.E,95
10335,83191,L3.E,95
10335,82066,L3.E,100
10335,82461,L4.E,0
10335,82899,L4.E,100
10335,81913,L4.E,90
10335,82961,L4.E,90
10335,82949,L4.E,95
10335,81945,L4.E,85
10335,83112,L4.E,92.5
10335,82017,L4.E,92.5
10335,83191,L4.E,92.5
10335,82066,L4.E,100
10335,82461,L5.E,0
10335,82899,L5.E,95
10335,81913,L5.E,92.5
10335,82961,L5.E,92.5
10335,82949,L5.E,100
10335,81945,L5.E,90
10335,83112,L5.E,95
10335,82017,L5.E,95
10335,83191,L5.E,90
10335,82066,L5.E,100
10335,82461,L6.E,95
10335,82899,L6.E,95
10335,81913,L6.E,95
10335,82961,L6.E,95
10335,82949,L6.E,92.5
10335,81945,L6.E,92.5
10335,83112,L6.E,95
10335,82017,L6.E,95
10335,83191,L6.E,95
10335,82066,L6.E,100
10335,82461,L7.E,95
10335,82899,L7.E,95
10335,81913,L7.E,95
10335,82961,L7.E,95
10335,82949,L7.E,92.5
10335,81945,L7.E,95
10335,83112,L7.E,95
10335,82017,L7.E,92.5
10335,83191,L7.E,95
10335,82066,L7.E,0
10335,82461,L8.E,92.5
10335,82899,L8.E,90
10335,81913,L8.E,90
10335,82961,L8.E,90
10335,82949,L8.E,92.5
10335,81945,L8.E,87.5
10335,83112,L8.E,92.5
10335,82017,L8.E,90
10335,83191,L8.E,92.5
10335,82066,L8.E,100
10398,81720,L1.E,90
10398,18806,L1.E,95
10398,82986,L1.E,87.5
10398,83372,L1.E,90
10398,82291,L1.E,90
10398,82460,L1.E,90
10398,81996,L1.E,0
10398,83142,L1.E,90
10398,82315,L1.E,90
10398,82500,L1.E,90
10398,83396,L1.E,90
10398,83231,L1.E,0
10398,83407,L1.E,87.5
10398,82724,L1.E,87.5
10398,81705,L1.E,90
10398,82734,L1.E,87.5
10398,85302,L1.E,95
10398,81720,L2.E,90
10398,18806,L2.E,95
10398,82986,L2.E,90
10398,83372,L2.E,95
10398,82291,L2.E,90
10398,82460,L2.E,90
10398,81996,L2.E,90
10398,83142,L2.E,90
10398,82315,L2.E,90
10398,82500,L2.E,85
10398,83396,L2.E,0
10398,83231,L2.E,90
10398,83407,L2.E,90
10398,82724,L2.E,90
10398,81705,L2.E,90
10398,82734,L2.E,90
10398,85302,L2.E,95
10398,81720,L3.E,90
10398,18806,L3.E,90
10398,82986,L3.E,90
10398,83372,L3.E,90
10398,82291,L3.E,90
10398,82460,L3.E,90
10398,81996,L3.E,90
10398,83142,L3.E,90
10398,82315,L3.E,90
10398,82500,L3.E,90
10398,83396,L3.E,0
10398,83231,L3.E,90
10398,83407,L3.E,87.5
10398,82724,L3.E,90
10398,81705,L3.E,87.5
10398,82734,L3.E,90
10398,85302,L3.E,90
10398,81720,L4.E,92.5
10398,18806,L4.E,92.5
10398,82986,L4.E,90
10398,83372,L4.E,90
10398,82291,L4.E,90
10398,82460,L4.E,92.5
10398,81996,L4.E,90
10398,83142,L4.E,85
10398,82315,L4.E,92.5
10398,82500,L4.E,90
10398,83396,L4.E,90
10398,83231,L4.E,90
10398,83407,L4.E,90
10398,82724,L4.E,92.5
10398,81705,L4.E,85
10398,82734,L4.E,0
10398,85302,L4.E,92.5
10398,81720,L5.E,95
10398,18806,L5.E,95
10398,82986,L5.E,90
10398,83372,L5.E,90
10398,82291,L5.E,90
10398,82460,L5.E,90
10398,81996,L5.E,90
10398,83142,L5.E,85
10398,82315,L5.E,90
10398,82500,L5.E,90
10398,83396,L5.E,90
10398,83231,L5.E,90
10398,83407,L5.E,90
10398,82724,L5.E,90
10398,81705,L5.E,85
10398,82734,L5.E,85
10398,85302,L5.E,95
10398,81720,L6.E,95
10398,18806,L6.E,95
10398,82986,L6.E,85
10398,83372,L6.E,90
10398,82291,L6.E,90
10398,82460,L6.E,95
10398,81996,L6.E,90
10398,83142,L6.E,90
10398,82315,L6.E,95
10398,82500,L6.E,90
10398,83396,L6.E,90
10398,83231,L6.E,90
10398,83407,L6.E,95
10398,82724,L6.E,95
10398,81705,L6.E,87.5
10398,82734,L6.E,95
10398,85302,L6.E,95
10398,81720,L7.E,90
10398,18806,L7.E,0
10398,82986,L7.E,87.5
10398,83372,L7.E,90
10398,82291,L7.E,90
10398,82460,L7.E,90
10398,81996,L7.E,90
10398,83142,L7.E,90
10398,82315,L7.E,90
10398,82500,L7.E,90
10398,83396,L7.E,90
10398,83231,L7.E,90
10398,83407,L7.E,87.5
10398,82724,L7.E,90
10398,81705,L7.E,0
10398,82734,L7.E,87.5
10398,85302,L7.E,95
10398,81720,L8.E,92.5
10398,18806,L8.E,95
10398,82986,L8.E,0
10398,83372,L8.E,95
10398,82291,L8.E,90
10398,82460,L8.E,92.5
10398,81996,L8.E,90
10398,83142,L8.E,90
10398,82315,L8.E,92.5
10398,82500,L8.E,95
10398,83396,L8.E,90
10398,83231,L8.E,90
10398,83407,L8.E,92.5
10398,82724,L8.E,90
10398,81705,L8.E,85
10398,82734,L8.E,90
10398,85302,L8.E,95
10279,80765,L1.E,70
10279,83411,L1.E,70
10279,81527,L1.E,80
10279,82515,L1.E,82.5
10279,87089,L1.E,77.5
10279,81634,L1.E,70
10279,83651,L1.E,77.5
10279,85239,L1.E,75
10279,81453,L1.E,77.5
10279,81390,L1.E,97.5
10279,87143,L1.E,70
10279,85035,L1.E,75
10279,81365,L1.E,80
10279,82292,L1.E,77.5
10279,81525,L1.E,75
10279,80765,L2.E,85
10279,83411,L2.E,85
10279,81527,L2.E,0
10279,82515,L2.E,90
10279,87089,L2.E,85
10279,81634,L2.E,75
10279,83651,L2.E,77.5
10279,85239,L2.E,90
10279,81453,L2.E,85
10279,81390,L2.E,97.5
10279,87143,L2.E,90
10279,85035,L2.E,90
10279,81365,L2.E,100
10279,82292,L2.E,0
10279,81525,L2.E,75
10279,80765,L3.E,85
10279,83411,L3.E,90
10279,81527,L3.E,97.5
10279,82515,L3.E,87.5
10279,87089,L3.E,82.5
10279,81634,L3.E,90
10279,83651,L3.E,80
10279,85239,L3.E,97.5
10279,81453,L3.E,95
10279,81390,L3.E,100
10279,87143,L3.E,92.5
10279,85035,L3.E,85
10279,81365,L3.E,92.5
10279,82292,L3.E,85
10279,81525,L3.E,85
10279,80765,L4.E,87.5
10279,83411,L4.E,92.5
10279,81527,L4.E,95
10279,82515,L4.E,92.5
10279,87089,L4.E,92.5
10279,81634,L4.E,92.5
10279,83651,L4.E,95
10279,85239,L4.E,97.5
10279,81453,L4.E,97.5
10279,81390,L4.E,97.5
10279,87143,L4.E,92.5
10279,85035,L4.E,85
10279,81365,L4.E,100
10279,82292,L4.E,0
10279,81525,L4.E,82.5
10279,80765,L5.E,95
10279,83411,L5.E,92.5
10279,81527,L5.E,97.5
10279,82515,L5.E,95
10279,87089,L5.E,0
10279,81634,L5.E,92.5
10279,83651,L5.E,0
10279,85239,L5.E,97.5
10279,81453,L5.E,97.5
10279,81390,L5.E,100
10279,87143,L5.E,92.5
10279,85035,L5.E,90
10279,81365,L5.E,100
10279,82292,L5.E,0
10279,81525,L5.E,92.5
10279,80765,L6.E,80
10279,83411,L6.E,72.5
10279,81527,L6.E,90
10279,82515,L6.E,57.5
10279,87089,L6.E,0
10279,81634,L6.E,0
10279,83651,L6.E,87.5
10279,85239,L6.E,80
10279,81453,L6.E,85
10279,81390,L6.E,87.5
10279,87143,L6.E,82.5
10279,85035,L6.E,75
10279,81365,L6.E,97.5
10279,82292,L6.E,70
10279,81525,L6.E,0
10279,80765,L7.E,95
10279,83411,L7.E,95
10279,81527,L7.E,0
10279,82515,L7.E,97.5
10279,87089,L7.E,0
10279,81634,L7.E,97.5
10279,83651,L7.E,95
10279,85239,L7.E,95
10279,81453,L7.E,97.5
10279,81390,L7.E,97.5
10279,87143,L7.E,95
10279,85035,L7.E,95
10279,81365,L7.E,97.5
10279,82292,L7.E,95
10279,81525,L7.E,97.5
10279,80765,L8.E,95
10279,83411,L8.E,90
10279,81527,L8.E,95
10279,82515,L8.E,0
10279,87089,L8.E,92.5
10279,81634,L8.E,97.5
10279,83651,L8.E,92.5
10279,85239,L8.E,92.5
10279,81453,L8.E,95
10279,81390,L8.E,95
10279,87143,L8.E,0
10279,85035,L8.E,85
10279,81365,L8.E,92.5
10279,82292,L8.E,92.5
10279,81525,L8.E,97.5
10280,85193,L1.E,90
10280,82370,L1.E,90
10280,82355,L1.E,85
10280,83358,L1.E,87.5
10280,82015,L1.E,87.5
10280,84458,L1.E,92.5
10280,84256,L1.E,90
10280,83667,L1.E,0
10280,83854,L1.E,90
10280,84058,L1.E,87.5
10280,84298,L1.E,90
10280,85193,L2.E,90
10280,82370,L2.E,90
10280,82355,L2.E,85
10280,83358,L2.E,0
10280,84458,L2.E,95
10280,84256,L2.E,95
10280,83667,L2.E,90
10280,83854,L2.E,90
10280,84058,L2.E,95
10280,84298,L2.E,92.5
10280,85193,L3.E,85
10280,82370,L3.E,82.5
10280,82355,L3.E,82.5
10280,83358,L3.E,82.5
10280,84458,L3.E,97.5
10280,84256,L3.E,97.5
10280,83667,L3.E,90
10280,83854,L3.E,97.5
10280,84058,L3.E,90
10280,84298,L3.E,90
10280,85193,L4.E,80
10280,82370,L4.E,85
10280,82355,L4.E,85
10280,83358,L4.E,0
10280,84458,L4.E,90
10280,84256,L4.E,90
10280,83667,L4.E,87.5
10280,83854,L4.E,90
10280,84058,L4.E,85
10280,84298,L4.E,0
10280,85193,L5.E,82.5
10280,82370,L5.E,0
10280,82355,L5.E,0
10280,83358,L5.E,90
10280,84458,L5.E,100
10280,84256,L5.E,100
10280,83667,L5.E,90
10280,83854,L5.E,97.5
10280,84058,L5.E,0
10280,84298,L5.E,95
10280,85193,L6.E,90
10280,82370,L6.E,0
10280,82355,L6.E,90
10280,83358,L6.E,0
10280,84458,L6.E,95
10280,84256,L6.E,100
10280,83667,L6.E,100
10280,83854,L6.E,95
10280,84058,L6.E,95
10280,84298,L6.E,0
10280,85193,L7.E,85
10280,82370,L7.E,90
10280,82355,L7.E,95
10280,83358,L7.E,90
10280,84458,L7.E,95
10280,84256,L7.E,100
10280,83667,L7.E,90
10280,83854,L7.E,90
10280,84058,L7.E,10
10280,84298,L7.E,85
10280,85193,L8.E,100
10280,82370,L8.E,0
10280,82355,L8.E,100
10280,83358,L8.E,95
10280,84458,L8.E,100
10280,84256,L8.E,90
10280,83667,L8.E,95
10280,83854,L8.E,100
10280,84058,L8.E,95
10280,84298,L8.E,90
10281,85113,L1.E,90
10281,83570,L1.E,90
10281,83796,L1.E,90
10281,82120,L1.E,0
10281,84798,L1.E,90
10281,84234,L1.E,90
10281,83422,L1.E,90
10281,85001,L1.E,90
10281,85071,L1.E,90
10281,83424,L1.E,90
10281,85026,L1.E,90
10281,85113,L2.E,80
10281,83570,L2.E,80
10281,83796,L2.E,0
10281,82120,L2.E,80
10281,84798,L2.E,95
10281,84234,L2.E,80
10281,83422,L2.E,90
10281,85001,L2.E,80
10281,85071,L2.E,80
10281,83424,L2.E,80
10281,85026,L2.E,85
10281,85113,L3.E,90
10281,83570,L3.E,90
10281,83796,L3.E,90
10281,82120,L3.E,85
10281,84798,L3.E,90
10281,84234,L3.E,85
10281,83422,L3.E,90
10281,85001,L3.E,85
10281,85071,L3.E,85
10281,83424,L3.E,85
10281,85026,L3.E,85
10281,85113,L4.E,90
10281,83570,L4.E,90
10281,83796,L4.E,95
10281,82120,L4.E,95
10281,84798,L4.E,90
10281,84234,L4.E,90
10281,83422,L4.E,0
10281,85001,L4.E,90
10281,85071,L4.E,90
10281,83424,L4.E,95
10281,85026,L4.E,90
10281,85113,L5.E,95
10281,83570,L5.E,90
10281,83796,L5.E,92.5
10281,82120,L5.E,0
10281,84798,L5.E,92.5
10281,84234,L5.E,95
10281,83422,L5.E,97.5
10281,85001,L5.E,95
10281,85071,L5.E,97.5
10281,83424,L5.E,87.5
10281,85026,L5.E,90
10281,85113,L6.E,95
10281,83570,L6.E,95
10281,83796,L6.E,90
10281,82120,L6.E,90
10281,84798,L6.E,95
10281,84234,L6.E,95
10281,83422,L6.E,90
10281,85001,L6.E,95
10281,85071,L6.E,100
10281,83424,L6.E,90
10281,85026,L6.E,95
10281,85113,L7.E,95
10281,83570,L7.E,95
10281,83796,L7.E,0
10281,82120,L7.E,87.5
10281,84798,L7.E,95
10281,84234,L7.E,95
10281,83422,L7.E,87.5
10281,85001,L7.E,95
10281,85071,L7.E,95
10281,83424,L7.E,95
10281,85026,L7.E,95
10281,85113,L8.E,90
10281,83570,L8.E,95
10281,82120,L8.E,90
10281,84798,L8.E,95
10281,84234,L8.E,95
10281,83422,L8.E,90
10281,85001,L8.E,90
10281,85071,L8.E,95
10281,83424,L8.E,90
10281,85026,L8.E,90
10282,84870,L1.E,85
10282,83929,L1.E,87.5
10282,86930,L1.E,95
10282,85007,L1.E,90
10282,82070,L1.E,92.5
10282,84988,L1.E,90
10282,82263,L1.E,90
10282,86655,L1.E,87.5
10282,82090,L1.E,87.5
10282,83597,L1.E,87.5
10282,84941,L1.E,92.5
10282,84749,L1.E,95
10282,84870,L2.E,90
10282,83929,L2.E,87.5
10282,86930,L2.E,97.5
10282,85007,L2.E,97.5
10282,82070,L2.E,95
10282,84988,L2.E,97.5
10282,82263,L2.E,100
10282,86655,L2.E,95
10282,82090,L2.E,0
10282,83597,L2.E,92.5
10282,84941,L2.E,90
10282,84749,L2.E,0
10282,84870,L3.E,87.5
10282,83929,L3.E,87.5
10282,86930,L3.E,97.5
10282,85007,L3.E,97.5
10282,82070,L3.E,97.5
10282,84988,L3.E,87.5
10282,82263,L3.E,97.5
10282,86655,L3.E,95
10282,82090,L3.E,0
10282,83597,L3.E,95
10282,84941,L3.E,95
10282,84749,L3.E,0
10282,84870,L4.E,92.5
10282,83929,L4.E,92.5
10282,86930,L4.E,0
10282,85007,L4.E,100
10282,82070,L4.E,97.5
10282,82263,L4.E,92.5
10282,86655,L4.E,90
10282,82090,L4.E,92.5
10282,83597,L4.E,92.5
10282,84941,L4.E,92.5
10282,84749,L4.E,0
10282,84870,L5.E,0
10282,83929,L5.E,90
10282,86930,L5.E,92.5
10282,85007,L5.E,95
10282,82070,L5.E,95
10282,82263,L5.E,95
10282,86655,L5.E,90
10282,82090,L5.E,92.5
10282,83597,L5.E,92.5
10282,84941,L5.E,100
10282,84749,L5.E,90
10282,84870,L6.E,87.5
10282,83929,L6.E,85
10282,86930,L6.E,90
10282,85007,L6.E,92.5
10282,82070,L6.E,97.5
10282,82263,L6.E,95
10282,86655,L6.E,87.5
10282,82090,L6.E,90
10282,83597,L6.E,90
10282,84941,L6.E,100
10282,84749,L6.E,97.5
10282,84870,L7.E,92.5
10282,83929,L7.E,90
10282,86930,L7.E,92.5
10282,85007,L7.E,90
10282,82070,L7.E,97.5
10282,82263,L7.E,87.5
10282,86655,L7.E,87.5
10282,82090,L7.E,90
10282,83597,L7.E,87.5
10282,84941,L7.E,95
10282,84749,L7.E,90
10282,84870,L8.E,92.5
10282,83929,L8.E,87.5
10282,86930,L8.E,92.5
10282,85007,L8.E,0
10282,82070,L8.E,97.5
10282,82263,L8.E,90
10282,86655,L8.E,87.5
10282,82090,L8.E,92.5
10282,83597,L8.E,87.5
10282,84941,L8.E,95
10282,84749,L8.E,0
10283,82851,L1.E,92.5
10283,85194,L1.E,100
10283,80270,L1.E,0
10283,84522,L1.E,100
10283,83762,L1.E,87.5
10283,83808,L1.E,87.5
10283,81836,L1.E,100
10283,82398,L1.E,90
10283,84678,L1.E,97.5
10283,85028,L1.E,90
10283,82851,L2.E,90
10283,85194,L2.E,97.5
10283,80270,L2.E,92.5
10283,84522,L2.E,95
10283,83762,L2.E,77.5
10283,83808,L2.E,82.5
10283,81836,L2.E,95
10283,82398,L2.E,100
10283,84678,L2.E,100
10283,85028,L2.E,82.5
10283,82851,L3.E,80
10283,85194,L3.E,100
10283,80270,L3.E,87.5
10283,84522,L3.E,90
10283,83762,L3.E,75
10283,83808,L3.E,75
10283,81836,L3.E,95
10283,82398,L3.E,90
10283,84678,L3.E,95
10283,85028,L3.E,75
10283,82851,L4.E,77.5
10283,85194,L4.E,97.5
10283,80270,L4.E,85
10283,84522,L4.E,95
10283,83762,L4.E,82.5
10283,83808,L4.E,82.5
10283,81836,L4.E,95
10283,82398,L4.E,87.5
10283,84678,L4.E,92.5
10283,85028,L4.E,72.5
10283,82851,L5.E,85
10283,85194,L5.E,95
10283,80270,L5.E,98.8
10283,84522,L5.E,95
10283,83762,L5.E,77.5
10283,83808,L5.E,90
10283,81836,L5.E,95
10283,82398,L5.E,0
10283,84678,L5.E,97.5
10283,85028,L5.E,80
10283,82851,L6.E,83.3
10283,85194,L6.E,100
10283,80270,L6.E,83.3
10283,84522,L6.E,100
10283,83762,L6.E,75
10283,83808,L6.E,83.3
10283,81836,L6.E,100
10283,82398,L6.E,100
10283,84678,L6.E,100
10283,85028,L6.E,75
10283,82851,L7.E,83.33
10283,85194,L7.E,100
10283,80270,L7.E,83.33
10283,84522,L7.E,100
10283,83762,L7.E,75
10283,83808,L7.E,83.33
10283,81836,L7.E,100
10283,82398,L7.E,100
10283,84678,L7.E,100
10283,85028,L7.E,75
10283,82851,L8.E,75
10283,85194,L8.E,83.33
10283,80270,L8.E,58.33
10283,84522,L8.E,91.67
10283,83762,L8.E,50
10283,83808,L8.E,75
10283,81836,L8.E,75
10283,82398,L8.E,91.67
10283,84678,L8.E,83.33
10283,85028,L8.E,33.33
10284,86023,L1.E,95
10284,83768,L1.E,100
10284,84436,L1.E,100
10284,82075,L1.E,92.5
10284,84967,L1.E,100
10284,83037,L1.E,95
10284,86023,L2.E,92.5
10284,83768,L2.E,100
10284,84436,L2.E,100
10284,82075,L2.E,90
10284,84967,L2.E,100
10284,83037,L2.E,92.5
10284,86023,L3.E,90
10284,83768,L3.E,95
10284,84436,L3.E,90
10284,82075,L3.E,75
10284,84967,L3.E,95
10284,83037,L3.E,85
10284,86023,L4.E,90
10284,83768,L4.E,100
10284,84436,L4.E,90
10284,82075,L4.E,77.5
10284,84967,L4.E,95
10284,83037,L4.E,80
10284,86023,L5.E,100
10284,83768,L5.E,100
10284,84436,L5.E,100
10284,82075,L5.E,100
10284,84967,L5.E,100
10284,83037,L5.E,0
10284,86023,L6.E,90
10284,83768,L6.E,95
10284,84436,L6.E,95
10284,82075,L6.E,95
10284,84967,L6.E,95
10284,83037,L6.E,70
10284,86023,L7.E,90
10284,83768,L7.E,100
10284,84436,L7.E,90
10284,82075,L7.E,95
10284,84967,L7.E,85
10284,83037,L7.E,90
10284,86023,L8.E,95
10284,83768,L8.E,100
10284,84436,L8.E,100
10284,82075,L8.E,100
10284,84967,L8.E,100
10284,83037,L8.E,100
10366,85695,L1.E,97.5
10366,83094,L1.E,80
10366,85163,L1.E,87.5
10366,82239,L1.E,100
10366,85162,L1.E,92.5
10366,81893,L1.E,90
10366,84994,L1.E,92.5
10366,84928,L1.E,82.5
10366,83526,L1.E,92.5
10366,87323,L1.E,97.5
10366,84616,L1.E,90
10366,85695,L2.E,100
10366,83094,L2.E,72.5
10366,85163,L2.E,95
10366,82239,L2.E,100
10366,85162,L2.E,90
10366,81893,L2.E,100
10366,84994,L2.E,95
10366,84928,L2.E,82.5
10366,83526,L2.E,95
10366,87323,L2.E,100
10366,84616,L2.E,97.5
10366,85695,L3.E,97.5
10366,83094,L3.E,70
10366,85163,L3.E,90
10366,82239,L3.E,92.5
10366,85162,L3.E,100
10366,81893,L3.E,0
10366,84994,L3.E,82.5
10366,84928,L3.E,97.5
10366,83526,L3.E,95
10366,87323,L3.E,100
10366,84616,L3.E,100
10366,85695,L4.E,100
10366,83094,L4.E,62.5
10366,85163,L4.E,92.5
10366,82239,L4.E,0
10366,85162,L4.E,100
10366,81893,L4.E,72.5
10366,84994,L4.E,92.5
10366,84928,L4.E,97.5
10366,83526,L4.E,97.5
10366,87323,L4.E,95
10366,84616,L4.E,97.5
10366,85695,L5.E,90
10366,83094,L5.E,82.5
10366,85163,L5.E,87.5
10366,82239,L5.E,90
10366,85162,L5.E,97.5
10366,81893,L5.E,0
10366,84994,L5.E,87.5
10366,84928,L5.E,90
10366,83526,L5.E,87.5
10366,87323,L5.E,100
10366,84616,L5.E,90
10366,85695,L6.E,97.5
10366,83094,L6.E,0
10366,85163,L6.E,92.5
10366,82239,L6.E,0
10366,85162,L6.E,100
10366,81893,L6.E,0
10366,84994,L6.E,82.5
10366,84928,L6.E,90
10366,83526,L6.E,100
10366,87323,L6.E,97.5
10366,84616,L6.E,100
10366,85695,L7.E,97.5
10366,83094,L7.E,77.5
10366,85163,L7.E,90
10366,82239,L7.E,87.5
10366,85162,L7.E,100
10366,81893,L7.E,82.5
10366,84994,L7.E,82.5
10366,84928,L7.E,0
10366,83526,L7.E,95
10366,87323,L7.E,97.5
10366,84616,L7.E,100
10366,85695,L8.E,97.5
10366,83094,L8.E,0
10366,85163,L8.E,95
10366,82239,L8.E,0
10366,85162,L8.E,100
10366,81893,L8.E,77.5
10366,84994,L8.E,90
10366,84928,L8.E,0
10366,83526,L8.E,95
10366,87323,L8.E,95
10366,84616,L8.E,100
10288,83351,L1.E,95
10288,83351,L2.E,95
10288,83351,L3.E,87.5
10288,83351,L4.E,0
10288,83351,L5.E,92.5
10288,83351,L6.E,95
10288,83351,L7.E,95
10288,83351,L8.E,92.5
10308,18806,L1.E,95
10308,82940,L1.E,92.5
10308,82291,L1.E,0
10308,85302,L1.E,95
10308,18806,L2.E,100
10308,82940,L2.E,100
10308,82291,L2.E,95
10308,85302,L2.E,0
10308,18806,L3.E,100
10308,82940,L3.E,100
10308,82291,L3.E,95
10308,85302,L3.E,100
10308,18806,L4.E,95
10308,82940,L4.E,95
10308,82291,L4.E,95
10308,85302,L4.E,95
10308,18806,L5.E,95
10308,82940,L5.E,95
10308,82291,L5.E,0
10308,85302,L5.E,100
10308,18806,L6.E,95
10308,82940,L6.E,95
10308,82291,L6.E,90
10308,85302,L6.E,100
10308,18806,L7.E,70
10308,82940,L7.E,92.5
10308,82291,L7.E,87.5
10308,85302,L7.E,100
10308,18806,L8.E,97.5
10308,82940,L8.E,97.5
10308,82291,L8.E,70
10308,85302,L8.E,100
10309,81720,L1.E,95
10309,83007,L1.E,90
10309,82637,L1.E,90
10309,83179,L1.E,97.5
10309,84403,L1.E,87.5
10309,85191,L1.E,92.5
10309,82628,L1.E,85
10309,82789,L1.E,87.5
10309,81720,L2.E,95
10309,83007,L2.E,92.5
10309,82637,L2.E,82.5
10309,83179,L2.E,92.5
10309,84403,L2.E,85
10309,85191,L2.E,90
10309,82628,L2.E,80
10309,82789,L2.E,90
10309,81720,L3.E,97.5
10309,83007,L3.E,95
10309,82637,L3.E,87.5
10309,83179,L3.E,92.5
10309,84403,L3.E,85
10309,85191,L3.E,92.5
10309,82628,L3.E,77.5
10309,82789,L3.E,85
10309,81720,L4.E,92.5
10309,83007,L4.E,97.5
10309,82637,L4.E,0
10309,83179,L4.E,90
10309,84403,L4.E,85
10309,85191,L4.E,87.5
10309,82628,L4.E,0
10309,82789,L4.E,0
10309,81720,L5.E,95
10309,83007,L5.E,95
10309,82637,L5.E,85
10309,83179,L5.E,87.5
10309,84403,L5.E,0
10309,85191,L5.E,0
10309,82628,L5.E,80
10309,82789,L5.E,80
10309,81720,L6.E,100
10309,83007,L6.E,100
10309,82637,L6.E,100
10309,83179,L6.E,97.5
10309,84403,L6.E,97.5
10309,85191,L6.E,100
10309,82628,L6.E,47.5
10309,82789,L6.E,80
10309,81720,L7.E,95
10309,83007,L7.E,95
10309,82637,L7.E,92.5
10309,83179,L7.E,82.5
10309,84403,L7.E,80
10309,85191,L7.E,0
10309,82628,L7.E,62.5
10309,82789,L7.E,70
10309,81720,L8.E,97.5
10309,83007,L8.E,95
10309,82637,L8.E,80
10309,83179,L8.E,85
10309,84403,L8.E,92.5
10309,85191,L8.E,100
10309,82628,L8.E,75
10309,82789,L8.E,77.5
10310,82949,L1.E,97.5
10310,84619,L1.E,87.5
10310,82460,L1.E,87.5
10310,83456,L1.E,87.5
10310,83064,L1.E,0
10310,83208,L1.E,75
10310,82168,L1.E,75
10310,81705,L1.E,0
10310,82734,L1.E,77.5
10310,82949,L2.E,95
10310,84619,L2.E,95
10310,82460,L2.E,95
10310,83456,L2.E,95
10310,83064,L2.E,55
10310,83208,L2.E,77.5
10310,82168,L2.E,80
10310,81705,L2.E,32.5
10310,82734,L2.E,80
10310,82949,L3.E,77.5
10310,84619,L3.E,70
10310,82460,L3.E,85
10310,83456,L3.E,95
10310,83064,L3.E,50
10310,83208,L3.E,65
10310,82168,L3.E,70
10310,81705,L3.E,25
10310,82734,L3.E,80
10310,82949,L4.E,87.5
10310,84619,L4.E,72.5
10310,82460,L4.E,92.5
10310,83456,L4.E,77.5
10310,83064,L4.E,65
10310,83208,L4.E,60
10310,82168,L4.E,0
10310,81705,L4.E,67.5
10310,82734,L4.E,0
10310,82949,L5.E,97.5
10310,84619,L5.E,92.5
10310,82460,L5.E,95
10310,83456,L5.E,92.5
10310,83064,L5.E,90
10310,83208,L5.E,0
10310,82168,L5.E,0
10310,81705,L5.E,87.5
10310,82734,L5.E,92.5
10310,82949,L6.E,95
10310,84619,L6.E,87.5
10310,82460,L6.E,92.5
10310,83456,L6.E,92.5
10310,83208,L6.E,87.5
10310,82168,L6.E,95
10310,81705,L6.E,82.5
10310,82734,L6.E,87.5
10310,82949,L7.E,97.5
10310,84619,L7.E,85
10310,82460,L7.E,90
10310,83456,L7.E,80
10310,83064,L7.E,0
10310,83208,L7.E,65
10310,82168,L7.E,80
10310,81705,L7.E,65
10310,82734,L7.E,85
10310,82949,L8.E,97.5
10310,84619,L8.E,82.5
10310,82460,L8.E,95
10310,83456,L8.E,92.5
10310,83064,L8.E,0
10310,83208,L8.E,0
10310,82168,L8.E,92.5
10310,81705,L8.E,77.5
10310,82734,L8.E,85
10289,81697,L1.E,83.75
10289,83099,L1.E,88.75
10289,83372,L1.E,80
10289,80283,L1.E,90
10289,82404,L1.E,87.5
10289,83142,L1.E,93.75
10289,81347,L1.E,85
10289,81910,L1.E,86.25
10289,83084,L1.E,96.25
10289,81329,L1.E,88.75
10289,83307,L1.E,91.25
10289,81229,L1.E,95
10289,82287,L1.E,78.75
10289,82500,L1.E,86.25
10289,83137,L1.E,97.5
10289,83666,L1.E,96.25
10289,83444,L1.E,93.75
10289,81697,L2.E,83.8
10289,83099,L2.E,100
10289,83372,L2.E,92.5
10289,80283,L2.E,93.8
10289,82404,L2.E,98.8
10289,83142,L2.E,95
10289,81347,L2.E,100
10289,81910,L2.E,93.8
10289,83084,L2.E,100
10289,81329,L2.E,96.3
10289,83307,L2.E,100
10289,81229,L2.E,100
10289,82287,L2.E,93.8
10289,82500,L2.E,95
10289,83137,L2.E,95
10289,83666,L2.E,96.3
10289,83444,L2.E,97.5
10289,81697,L3.E,87.5
10289,83099,L3.E,92.5
10289,83372,L3.E,91.3
10289,80283,L3.E,82.5
10289,82404,L3.E,90
10289,83142,L3.E,93.8
10289,81347,L3.E,97.5
10289,81910,L3.E,92.5
10289,83084,L3.E,92.5
10289,81329,L3.E,93.8
10289,83307,L3.E,100
10289,81229,L3.E,93.8
10289,82287,L3.E,92.5
10289,82500,L3.E,85
10289,83137,L3.E,86.3
10289,83666,L3.E,90
10289,83444,L3.E,71.3
10289,81697,L4.E,98.75
10289,83099,L4.E,85
10289,83372,L4.E,85
10289,80283,L4.E,81.25
10289,82404,L4.E,92.5
10289,83142,L4.E,98.75
10289,81347,L4.E,98.75
10289,81910,L4.E,91.25
10289,83084,L4.E,77.5
10289,81329,L4.E,82.5
10289,83307,L4.E,100
10289,81229,L4.E,85
10289,82287,L4.E,80
10289,82500,L4.E,85
10289,83137,L4.E,88.75
10289,83666,L4.E,95
10289,83444,L4.E,85
10289,81697,L5.E,98.8
10289,83099,L5.E,98.8
10289,83372,L5.E,98.8
10289,80283,L5.E,95
10289,82404,L5.E,92.5
10289,83142,L5.E,97.5
10289,81347,L5.E,100
10289,81910,L5.E,95
10289,83084,L5.E,97.5
10289,81329,L5.E,100
10289,83307,L5.E,100
10289,81229,L5.E,92.5
10289,82287,L5.E,96.3
10289,82500,L5.E,96.3
10289,83137,L5.E,96.3
10289,83666,L5.E,98.8
10289,83444,L5.E,91.3
10289,81697,L6.E,92.5
10289,83099,L6.E,95
10289,83372,L6.E,95
10289,80283,L6.E,92.5
10289,82404,L6.E,80
10289,83142,L6.E,96.3
10289,81347,L6.E,95
10289,81910,L6.E,95
10289,83084,L6.E,96.3
10289,81329,L6.E,97.5
10289,83307,L6.E,100
10289,81229,L6.E,87.5
10289,82287,L6.E,92.5
10289,82500,L6.E,96.3
10289,83137,L6.E,95
10289,83666,L6.E,97.5
10289,83444,L6.E,92.5
10289,81697,L7.E,90
10289,83099,L7.E,95
10289,83372,L7.E,95
10289,80283,L7.E,92.5
10289,82404,L7.E,95
10289,83142,L7.E,92.5
10289,81347,L7.E,97.5
10289,81910,L7.E,95
10289,83084,L7.E,95
10289,81329,L7.E,97.5
10289,83307,L7.E,100
10289,81229,L7.E,91.25
10289,82287,L7.E,93.75
10289,82500,L7.E,91.25
10289,83137,L7.E,92.5
10289,83666,L7.E,100
10289,83444,L7.E,96.25
10289,81697,L8.E,81.25
10289,83099,L8.E,92.5
10289,83372,L8.E,87.5
10289,80283,L8.E,88.75
10289,82404,L8.E,95
10289,83142,L8.E,93.75
10289,81347,L8.E,92.5
10289,81910,L8.E,97.5
10289,83084,L8.E,100
10289,81329,L8.E,98.75
10289,83307,L8.E,100
10289,81229,L8.E,82.5
10289,82287,L8.E,91.25
10289,82500,L8.E,88.75
10289,83137,L8.E,96.25
10289,83666,L8.E,100
10289,83444,L8.E,97.5
10290,81239,L1.E,95
10290,81457,L1.E,92.5
10290,83340,L1.E,98.75
10290,81996,L1.E,91.25
10290,83231,L1.E,90
10290,81239,L2.E,92.5
10290,81457,L2.E,92.5
10290,83340,L2.E,93.8
10290,81996,L2.E,91.3
10290,83231,L2.E,90
10290,81239,L3.E,96.3
10290,81457,L3.E,98.8
10290,83340,L3.E,97.5
10290,81996,L3.E,97.5
10290,83231,L3.E,100
10290,81239,L4.E,0
10290,81457,L4.E,76.25
10290,83340,L4.E,87.5
10290,81996,L4.E,90
10290,83231,L4.E,91.25
10290,81239,L5.E,91.3
10290,81457,L5.E,92.5
10290,83340,L5.E,97.5
10290,81996,L5.E,96.3
10290,83231,L5.E,93.8
10290,81239,L6.E,93.8
10290,81457,L6.E,88.8
10290,83340,L6.E,97.5
10290,81996,L6.E,96.3
10290,83231,L6.E,91.3
10290,81239,L7.E,90
10290,81457,L7.E,92.5
10290,83340,L7.E,96.25
10290,81996,L7.E,0
10290,83231,L7.E,97.5
10290,81239,L8.E,96.25
10290,81457,L8.E,96.25
10290,83340,L8.E,97.5
10290,81996,L8.E,97.5
10290,83231,L8.E,100
10080,81720,L1.E,95
10080,81723,L1.E,90
10080,81948,L1.E,90
10080,83112,L1.E,95
10080,83064,L1.E,82.5
10080,81720,L2.E,95
10080,81723,L2.E,100
10080,81948,L2.E,88.8
10080,83112,L2.E,97.5
10080,83064,L2.E,88.8
10080,81720,L3.E,95
10080,81723,L3.E,97.5
10080,81948,L3.E,95
10080,83112,L3.E,95
10080,83064,L3.E,90
10080,81720,L4.E,95
10080,81723,L4.E,86.25
10080,81948,L4.E,86.25
10080,83112,L4.E,86.25
10080,83064,L4.E,0
10080,81720,L5.E,95
10080,81723,L5.E,95
10080,81948,L5.E,90
10080,83112,L5.E,90
10080,83064,L5.E,57.5
10080,81720,L6.E,95
10080,81723,L6.E,95
10080,81948,L6.E,90
10080,83112,L6.E,95
10080,83064,L6.E,85
10080,81720,L7.E,95
10080,81723,L7.E,87.5
10080,81948,L7.E,92.5
10080,83112,L7.E,100
10080,83064,L7.E,92.5
10080,81720,L8.E,100
10080,81723,L8.E,100
10080,81948,L8.E,92.5
10080,83112,L8.E,97.5
10080,83064,L8.E,87.5
10291,82156,L1.E,92.5
10291,81284,L1.E,75
10291,82425,L1.E,75
10291,82036,L1.E,93.75
10291,82983,L1.E,80
10291,82366,L1.E,80
10291,82592,L1.E,78.75
10291,82967,L1.E,80
10291,82949,L1.E,85
10291,81973,L1.E,80
10291,81017,L1.E,75
10291,81635,L1.E,0
10291,83376,L1.E,0
10291,82809,L1.E,83.75
10291,83208,L1.E,0
10291,82980,L1.E,87.5
10291,83364,L1.E,0
10291,82156,L2.E,97.5
10291,81284,L2.E,91.3
10291,82425,L2.E,92.5
10291,82036,L2.E,98.8
10291,82983,L2.E,91.3
10291,82366,L2.E,91.3
10291,82592,L2.E,90
10291,82967,L2.E,90
10291,82949,L2.E,91.3
10291,81973,L2.E,96.3
10291,81017,L2.E,93.8
10291,81635,L2.E,96.3
10291,83376,L2.E,93.8
10291,82809,L2.E,91.3
10291,83208,L2.E,77.5
10291,82980,L2.E,92.5
10291,83364,L2.E,0
10291,82156,L3.E,93.8
10291,81284,L3.E,88.8
10291,82425,L3.E,83.8
10291,82036,L3.E,98.8
10291,82983,L3.E,0
10291,82366,L3.E,76.3
10291,82592,L3.E,0
10291,82967,L3.E,93.8
10291,82949,L3.E,93.8
10291,81973,L3.E,97.5
10291,81017,L3.E,78.8
10291,81635,L3.E,87.5
10291,83376,L3.E,81.3
10291,82809,L3.E,78.8
10291,83208,L3.E,0
10291,82980,L3.E,93.8
10291,83364,L3.E,88.8
10291,82156,L4.E,93.75
10291,81284,L4.E,92.5
10291,82425,L4.E,92.5
10291,82036,L4.E,100
10291,82983,L4.E,93.75
10291,82366,L4.E,91.25
10291,82592,L4.E,92.5
10291,82967,L4.E,97.5
10291,82949,L4.E,100
10291,81973,L4.E,92.5
10291,81017,L4.E,91.25
10291,81635,L4.E,0
10291,83376,L4.E,0
10291,82809,L4.E,90
10291,83208,L4.E,0
10291,82980,L4.E,100
10291,83364,L4.E,96.25
10291,82156,L5.E,96.3
10291,81284,L5.E,85
10291,82425,L5.E,81.3
10291,82036,L5.E,100
10291,82983,L5.E,85
10291,82366,L5.E,86.3
10291,82592,L5.E,81.3
10291,82967,L5.E,91.3
10291,82949,L5.E,88.8
10291,81973,L5.E,90
10291,81017,L5.E,82.5
10291,81635,L5.E,83.8
10291,83376,L5.E,100
10291,82809,L5.E,86.3
10291,83208,L5.E,0
10291,82980,L5.E,95
10291,83364,L5.E,97.5
10291,82156,L6.E,98.8
10291,81284,L6.E,92.5
10291,82425,L6.E,91.3
10291,82036,L6.E,100
10291,82983,L6.E,92.5
10291,82366,L6.E,92.5
10291,82592,L6.E,95
10291,82967,L6.E,96.3
10291,82949,L6.E,96.3
10291,81973,L6.E,97.5
10291,81017,L6.E,90
10291,81635,L6.E,91.3
10291,83376,L6.E,97.5
10291,82809,L6.E,92.5
10291,83208,L6.E,0
10291,82980,L6.E,95
10291,83364,L6.E,95
10291,82156,L7.E,97.5
10291,81284,L7.E,92.5
10291,82425,L7.E,92.5
10291,82036,L7.E,100
10291,82983,L7.E,92.5
10291,82366,L7.E,92.5
10291,82592,L7.E,92.5
10291,82967,L7.E,87.5
10291,82949,L7.E,95
10291,81973,L7.E,95
10291,81017,L7.E,91.25
10291,81635,L7.E,88.75
10291,83376,L7.E,95
10291,82809,L7.E,93.75
10291,83208,L7.E,0
10291,82980,L7.E,95
10291,83364,L7.E,97.5
10291,82156,L8.E,97.5
10291,81284,L8.E,91.25
10291,82425,L8.E,90
10291,82036,L8.E,98.75
10291,82983,L8.E,91.25
10291,82366,L8.E,91.25
10291,82592,L8.E,91.25
10291,82967,L8.E,87.5
10291,82949,L8.E,93.75
10291,81973,L8.E,93.75
10291,81017,L8.E,90
10291,81635,L8.E,88.75
10291,83376,L8.E,93.75
10291,82809,L8.E,93.75
10291,83208,L8.E,0
10291,82980,L8.E,95
10291,83364,L8.E,96.25
10274,82856,L1.E,95
10274,83435,L1.E,0
10274,82973,L1.E,97.5
10274,82511,L1.E,97.5
10274,83394,L1.E,95
10274,83036,L1.E,0
10274,82856,L2.E,0
10274,83435,L2.E,90
10274,82973,L2.E,87.5
10274,82511,L2.E,87.5
10274,83394,L2.E,0
10274,83036,L2.E,0
10274,82856,L3.E,90
10274,83435,L3.E,92.5
10274,82973,L3.E,82.5
10274,82511,L3.E,87.5
10274,83394,L3.E,85
10274,83036,L3.E,85
10274,82856,L4.E,0
10274,83435,L4.E,82.5
10274,82973,L4.E,92.5
10274,82511,L4.E,0
10274,83394,L4.E,80
10274,83036,L4.E,80
10274,82856,L5.E,70
10274,83435,L5.E,97.5
10274,82973,L5.E,0
10274,82511,L5.E,95
10274,83394,L5.E,75
10274,83036,L5.E,95
10274,82856,L6.E,87.5
10274,83435,L6.E,0
10274,82973,L6.E,92.5
10274,82511,L6.E,90
10274,83394,L6.E,90
10274,83036,L6.E,95
10274,82856,L7.E,67.5
10274,83435,L7.E,87.5
10274,82973,L7.E,70
10274,82511,L7.E,80
10274,83394,L7.E,0
10274,83036,L7.E,87.5
10274,82856,L8.E,70
10274,83435,L8.E,87.5
10274,82973,L8.E,85
10274,82511,L8.E,82.5
10274,83394,L8.E,0
10274,83036,L8.E,82.5
10273,83385,L1.E,85
10273,83568,L1.E,82.5
10273,83203,L1.E,82.5
10273,81859,L1.E,90
10273,83504,L1.E,85
10273,82431,L1.E,85
10273,83059,L1.E,90
10273,82559,L1.E,90
10273,83313,L1.E,90
10273,83385,L2.E,82.5
10273,83568,L2.E,82.5
10273,83203,L2.E,82.5
10273,81859,L2.E,90
10273,83504,L2.E,82.5
10273,82431,L2.E,82.5
10273,83059,L2.E,85
10273,82559,L2.E,85
10273,83313,L2.E,90
10273,83385,L3.E,85
10273,83568,L3.E,87.5
10273,83203,L3.E,87.5
10273,81859,L3.E,90
10273,83504,L3.E,87.5
10273,82431,L3.E,87.5
10273,83059,L3.E,90
10273,82559,L3.E,90
10273,83313,L3.E,90
10273,83385,L4.E,85
10273,83568,L4.E,90
10273,83203,L4.E,90
10273,81859,L4.E,90
10273,83504,L4.E,87.5
10273,82431,L4.E,87.5
10273,83059,L4.E,87.5
10273,82559,L4.E,87.5
10273,83313,L4.E,90
10273,83385,L5.E,82.5
10273,83568,L5.E,90
10273,83203,L5.E,90
10273,81859,L5.E,0
10273,83504,L5.E,85
10273,82431,L5.E,85
10273,83059,L5.E,90
10273,82559,L5.E,90
10273,83313,L5.E,90
10273,83385,L6.E,87.5
10273,83568,L6.E,87.5
10273,83203,L6.E,87.5
10273,81859,L6.E,90
10273,83504,L6.E,87.5
10273,82431,L6.E,87.5
10273,83059,L6.E,90
10273,82559,L6.E,90
10273,83313,L6.E,90
10273,83385,L7.E,87.5
10273,83568,L7.E,87.5
10273,83203,L7.E,87.5
10273,81859,L7.E,90
10273,83504,L7.E,90
10273,82431,L7.E,90
10273,83059,L7.E,90
10273,82559,L7.E,90
10273,83313,L7.E,90
10273,83385,L8.E,87.5
10273,83568,L8.E,87.5
10273,83203,L8.E,87.5
10273,81859,L8.E,90
10273,83504,L8.E,90
10273,82431,L8.E,90
10273,83059,L8.E,90
10273,82559,L8.E,90
10273,83313,L8.E,90
10271,82626,L1.E,90
10271,83099,L1.E,95
10271,83373,L1.E,87.5
10271,83325,L1.E,87.5
10271,81792,L1.E,0
10271,82404,L1.E,87.5
10271,83237,L1.E,87.5
10271,81910,L1.E,95
10271,83084,L1.E,95
10271,82773,L1.E,90
10271,82287,L1.E,87.5
10271,83137,L1.E,90
10271,82869,L1.E,90
10271,83444,L1.E,95
10271,82626,L2.E,90
10271,83099,L2.E,90
10271,83373,L2.E,87.5
10271,83325,L2.E,87.5
10271,81792,L2.E,90
10271,82404,L2.E,90
10271,83237,L2.E,87.5
10271,81910,L2.E,90
10271,83084,L2.E,90
10271,82773,L2.E,90
10271,82287,L2.E,90
10271,83137,L2.E,90
10271,82869,L2.E,90
10271,83444,L2.E,90
10271,82626,L3.E,90
10271,83099,L3.E,90
10271,83373,L3.E,87.5
10271,83325,L3.E,87.5
10271,81792,L3.E,90
10271,82404,L3.E,90
10271,83237,L3.E,87.5
10271,81910,L3.E,90
10271,83084,L3.E,90
10271,82773,L3.E,90
10271,82287,L3.E,90
10271,83137,L3.E,90
10271,82869,L3.E,90
10271,83444,L3.E,90
10271,82626,L4.E,92.5
10271,83099,L4.E,95
10271,83373,L4.E,90
10271,83325,L4.E,90
10271,81792,L4.E,92.5
10271,82404,L4.E,90
10271,83237,L4.E,87.5
10271,81910,L4.E,95
10271,83084,L4.E,95
10271,82773,L4.E,90
10271,82287,L4.E,90
10271,83137,L4.E,95
10271,82869,L4.E,92.5
10271,83444,L4.E,95
10271,82626,L5.E,90
10271,83099,L5.E,90
10271,83373,L5.E,90
10271,83325,L5.E,90
10271,81792,L5.E,90
10271,82404,L5.E,90
10271,83237,L5.E,90
10271,81910,L5.E,90
10271,83084,L5.E,90
10271,82773,L5.E,90
10271,82287,L5.E,90
10271,83137,L5.E,90
10271,82869,L5.E,90
10271,83444,L5.E,90
10271,82626,L6.E,92.5
10271,83099,L6.E,92.5
10271,83373,L6.E,90
10271,83325,L6.E,92.5
10271,81792,L6.E,92.5
10271,82404,L6.E,90
10271,83237,L6.E,90
10271,81910,L6.E,92.5
10271,83084,L6.E,92.5
10271,82773,L6.E,90
10271,82287,L6.E,90
10271,83137,L6.E,90
10271,82869,L6.E,92.5
10271,83444,L6.E,90
10271,82626,L7.E,90
10271,83099,L7.E,90
10271,83373,L7.E,90
10271,83325,L7.E,90
10271,81792,L7.E,90
10271,82404,L7.E,90
10271,83237,L7.E,90
10271,81910,L7.E,90
10271,83084,L7.E,90
10271,82773,L7.E,90
10271,82287,L7.E,90
10271,83137,L7.E,90
10271,82869,L7.E,90
10271,83444,L7.E,90
10271,82626,L8.E,90
10271,83099,L8.E,90
10271,83373,L8.E,87.5
10271,83325,L8.E,90
10271,81792,L8.E,90
10271,82404,L8.E,90
10271,83237,L8.E,87.5
10271,81910,L8.E,90
10271,83084,L8.E,90
10271,82773,L8.E,90
10271,82287,L8.E,90
10271,83137,L8.E,90
10271,82869,L8.E,90
10271,83444,L8.E,87.5
10272,81947,L1.E,95
10272,81832,L1.E,95
10272,82940,L1.E,90
10272,83337,L1.E,87.5
10272,81457,L1.E,90
10272,83340,L1.E,90
10272,82441,L1.E,95
10272,83423,L1.E,95
10272,83643,L1.E,87.5
10272,82327,L1.E,90
10272,81947,L2.E,90
10272,81832,L2.E,90
10272,82940,L2.E,90
10272,83337,L2.E,90
10272,81457,L2.E,90
10272,83340,L2.E,90
10272,82441,L2.E,95
10272,83423,L2.E,95
10272,83643,L2.E,90
10272,82327,L2.E,90
10272,81947,L3.E,92.5
10272,81832,L3.E,92.5
10272,82940,L3.E,90
10272,83337,L3.E,85
10272,81457,L3.E,90
10272,83340,L3.E,90
10272,82441,L3.E,92.5
10272,83423,L3.E,92.5
10272,83643,L3.E,85
10272,82327,L3.E,90
10272,81947,L4.E,90
10272,81832,L4.E,90
10272,82940,L4.E,85
10272,83337,L4.E,85
10272,81457,L4.E,90
10272,83340,L4.E,90
10272,82441,L4.E,90
10272,83423,L4.E,90
10272,83643,L4.E,85
10272,82327,L4.E,85
10272,81947,L5.E,90
10272,81832,L5.E,90
10272,82940,L5.E,90
10272,83337,L5.E,90
10272,81457,L5.E,90
10272,83340,L5.E,90
10272,82441,L5.E,95
10272,83423,L5.E,95
10272,83643,L5.E,90
10272,82327,L5.E,90
10272,81947,L6.E,100
10272,81832,L6.E,100
10272,82940,L6.E,87.5
10272,83337,L6.E,87.5
10272,81457,L6.E,90
10272,83340,L6.E,90
10272,82441,L6.E,100
10272,83423,L6.E,95
10272,83643,L6.E,87.5
10272,82327,L6.E,87.5
10272,81947,L7.E,90
10272,81832,L7.E,90
10272,82940,L7.E,87.5
10272,83337,L7.E,90
10272,81457,L7.E,90
10272,83340,L7.E,90
10272,82441,L7.E,90
10272,83423,L7.E,90
10272,83643,L7.E,87.5
10272,82327,L7.E,87.5
10272,81947,L8.E,95
10272,81832,L8.E,95
10272,82940,L8.E,95
10272,83337,L8.E,90
10272,81457,L8.E,100
10272,83340,L8.E,100
10272,82441,L8.E,100
10272,83423,L8.E,100
10272,83643,L8.E,90
10272,82327,L8.E,82.5
